contourAvgLength,contourCountLSD,contourLengthLSD,contourAvgLengthLSD
38.07692308,28,19660,702.1428571
50,18,8188,454.8888889
45.80769231,20,8928,446.4
41.20833333,27,17013,630.1111111
38.8125,19,9491,499.5263158
49.58333333,15,7306,487.0666667
49.125,17,8358,491.6470588
50.41666667,15,6859,457.2666667
34.15625,18,9076,504.2222222
39.90322581,16,6912,432
56.84848485,360,2999906,8333.072222
59.52173913,354,2698643,7623.285311
56.13846154,325,2459140,7566.584615
50.95384615,338,2522833,7464.002959
56.13846154,329,2392447,7271.87538
53.01428571,320,2161890,6755.90625
53.3220339,313,2100387,6710.501597
58.37804878,314,2198588,7001.872611
59.36363636,289,1905773,6594.370242
52.53731343,273,1706917,6252.443223
62.94444444,200,1035452,5177.26
62.94444444,200,1035452,5177.26
62.94444444,200,1035452,5177.26
62.94444444,200,1035452,5177.26
62.94444444,200,1035452,5177.26
62.94444444,200,1035452,5177.26
62.94444444,200,1035452,5177.26
62.94444444,200,1035452,5177.26
62.94444444,200,1035452,5177.26
62.94444444,200,1035452,5177.26
35.37931034,29,17739,611.6896552
35.10714286,19,9135,480.7894737
42.24,20,10531,526.55
36.30434783,40,37588,939.7
35.91428571,36,30103,836.1944444
40.80645161,25,13288,531.52
42.725,36,30205,839.0277778
40.1,23,15339,666.9130435
38.0625,10,4308,430.8
34.65714286,9,3922,435.7777778
52.19230769,183,841346,4597.519126
45.71428571,183,819515,4478.224044
45.82758621,172,685162,3983.5
44.04,204,893729,4381.02451
44.06896552,189,833059,4407.719577
51.94117647,141,502424,3563.29078
46.14285714,166,613424,3695.325301
43.5625,146,510172,3494.328767
44.68181818,153,513089,3353.522876
41.95238095,169,584765,3460.147929
48.43636364,107,228149,2132.233645
52.31372549,133,353408,2657.203008
54.11320755,134,382333,2853.231343
43.58823529,59,59828,1014.033898
47.85,104,194440,1869.615385
50.12727273,93,163148,1754.27957
65.59574468,125,343565,2748.52
55.3968254,180,691725,3842.916667
60.25454545,142,376399,2650.697183
57.25,133,363643,2734.157895
33.4,10,3690,369
35.55555556,11,3935,357.7272727
32.27272727,9,3447,383
33.92307692,13,4398,338.3076923
37.63636364,15,5125,341.6666667
38.69230769,12,4170,347.5
38.91666667,11,4036,366.9090909
37.8,10,3717,371.7
41.625,10,3693,369.3
31.42857143,11,3983,362.0909091
52.33333333,14,11910,850.7142857
39.16666667,13,8812,677.8461538
49.5,26,15621,600.8076923
48.5,31,20840,672.2580645
36.125,45,33198,737.7333333
47.75,31,19179,618.6774194
66,14,5881,420.0714286
116,16,7775,485.9375
51.33333333,17,10554,620.8235294
41.5,22,13011,591.4090909
36.5443038,50,64616,1292.32
38.68055556,49,53138,1084.44898
37.1011236,37,34415,930.1351351
55.76811594,49,43956,897.0612245
53.68918919,44,49921,1134.568182
43.43076923,54,80075,1482.87037
40.02597403,59,79164,1341.762712
59.27777778,59,70400,1193.220339
50.25882353,41,37640,918.0487805
43.67948718,52,73228,1408.230769
40.29310345,37,31549,852.6756757
42.85714286,53,53988,1018.641509
50.35820896,41,36433,888.6097561
40.30337079,35,26548,758.5142857
41.87962963,31,20597,664.4193548
43.71551724,38,32598,857.8421053
39.58536585,22,12678,576.2727273
39.79661017,24,12701,529.2083333
37.35433071,22,11024,501.0909091
41.25,38,31789,836.5526316
38.01785714,121,316541,2616.041322
39.35616438,138,391948,2840.202899
43.31147541,134,412363,3077.335821
44.20833333,161,540300,3355.900621
47.88235294,75,102694,1369.253333
47.6,119,287792,2418.420168
38.1025641,130,360607,2773.9
45.825,87,160071,1839.896552
33.91428571,105,234356,2231.961905
34,112,279354,2494.232143
49.1,195,842953,4322.835897
49,200,932808,4664.04
47.39655172,230,1255634,5459.278261
63.65384615,238,1289066,5416.243697
69.54098361,205,929933,4536.258537
83.49056604,213,1027803,4825.366197
70.03636364,239,1268415,5307.175732
54.70588235,250,1472744,5890.976
51,249,1386176,5566.971888
51.93877551,188,817393,4347.835106
58.51546392,79,127672,1616.101266
68.68103448,55,63156,1148.290909
66.65811966,113,220828,1954.230088
49,35,27688,791.0857143
56.34042553,31,25840,833.5483871
58.90196078,38,34868,917.5789474
53.50961538,48,62205,1295.9375
48.40151515,37,28703,775.7567568
65.22330097,57,67427,1182.929825
69.59292035,100,226118,2261.18
48.56923077,37,35335,955
52.546875,36,33091,919.1944444
39.71428571,64,89131,1392.671875
48.51086957,109,240662,2207.908257
50.88679245,73,95479,1307.931507
52.33333333,124,317657,2561.75
54.8125,92,197851,2150.554348
62.07142857,101,226441,2241.990099
52.69736842,62,79358,1279.967742
48.375,63,95783,1520.365079
55.7804878,147,423083,2878.115646
51.97222222,174,591175,3397.557471
44.40983607,169,524965,3106.301775
44.42222222,173,614005,3549.16185
53.7037037,159,463494,2915.056604
48.67241379,131,343080,2618.931298
52.88,163,524906,3220.282209
64.09090909,183,611420,3341.092896
51.40816327,165,517096,3133.915152
68.64102564,120,267223,2226.858333
38.5,131,317613,2424.526718
32.36,152,424204,2790.815789
39.33333333,163,451035,2767.08589
38.65853659,183,611330,3340.601093
33.51515152,158,424420,2686.202532
35.79310345,153,434470,2839.673203
33.5862069,161,447657,2780.478261
31.72222222,178,581037,3264.252809
36.95,163,491795,3017.147239
35.35135135,168,502911,2993.517857
47.09090909,357,2958735,8287.773109
39.39344262,372,2913577,7832.196237
47.77272727,384,2981256,7763.6875
48.16949153,344,2385272,6933.930233
50.78461538,368,2842005,7722.839674
48.29230769,373,3079057,8254.844504
46.24242424,362,2903594,8020.977901
51.79661017,351,2908937,8287.569801
43.9375,346,2527836,7305.884393
44.81818182,342,2550370,7457.222222
101.503937,161,544573,3382.440994
105.6821705,128,372181,2907.664063
94.10273973,107,239161,2235.149533
86.95364238,92,178771,1943.163043
87.69767442,85,163423,1922.623529
75.32758621,108,249516,2310.333333
75.28658537,91,189574,2083.230769
72.59649123,94,190061,2021.925532
83.12738854,85,163467,1923.141176
96.20138889,114,275284,2414.77193
40,33,21903,663.7272727
36,46,42052,914.173913
31.28571429,41,34521,841.9756098
36.58333333,31,21402,690.3870968
38.85714286,22,11691,531.4090909
36.92307692,30,19232,641.0666667
41.54545455,32,23117,722.40625
41.93333333,38,26940,708.9473684
36.3125,30,19279,642.6333333
34.53333333,35,27144,775.5428571
43,31,20002,645.2258065
52.85714286,5,2782,556.4
40,16,6412,400.75
32.85714286,27,17802,659.3333333
40.83333333,8,3227,403.375
49.6,11,4713,428.4545455
46.75,12,5005,417.0833333
53,6,2917,486.1666667
74.5,2,2289,1144.5
38,19,8815,463.9473684
37.43181818,211,789066,3739.649289
47.77777778,313,1990044,6357.968051
53.02173913,299,1847574,6179.177258
54.83673469,332,2370253,7139.316265
42.11764706,308,2020934,6561.474026
46.60869565,270,1586572,5876.192593
43.88,316,1995477,6314.800633
49.80952381,317,2140709,6753.025237
48.95833333,350,2669030,7625.8
43.46428571,373,3001481,8046.865952
38.18181818,40,33533,838.325
36.52631579,37,28068,758.5945946
36.33333333,34,25298,744.0588235
33.21428571,34,23400,688.2352941
39.46153846,25,14251,570.04
40.2,19,10923,574.8947368
39.07142857,25,13508,540.32
41.14285714,31,20191,651.3225806
35.35714286,26,13333,512.8076923
36,28,17464,623.7142857
35,27,14932,553.037037
36.65,64,85918,1342.46875
39.25714286,86,154302,1794.209302
47.84313725,198,847405,4279.823232
51.12820513,162,597028,3685.358025
48.5,90,165897,1843.3
45.86363636,167,633735,3794.820359
51.77777778,72,116565,1618.958333
46.95555556,167,725664,4345.293413
50.48888889,170,613009,3605.935294
116,2,2289,1144.5
66.5,12,5368,447.3333333
77,10,4762,476.2
54.33333333,16,7323,457.6875
44.8,13,5401,415.4615385
34.14285714,10,3730,373
46.25,8,3524,440.5
34.71428571,11,4385,398.6363636
51.75,11,4592,417.4545455
62.66666667,16,8496,531
34,35,23922,683.4857143
40.04,60,70486,1174.766667
40,59,70927,1202.152542
47.02439024,75,115012,1533.493333
54.4375,66,104693,1586.257576
52.11764706,91,180217,1980.406593
50.84848485,101,241486,2390.950495
54.05405405,86,176015,2046.686047
47.43478261,117,346224,2959.179487
49.90697674,107,326856,3054.728972
41.4375,158,483445,3059.778481
36.15873016,128,303116,2368.09375
37.20634921,166,524715,3160.933735
38.07142857,140,369449,2638.921429
32.15254237,106,221147,2086.292453
36.94230769,133,356530,2680.676692
37.5,135,345564,2559.733333
38.18518519,140,372279,2659.135714
36.39215686,80,132269,1653.3625
41.8,93,167202,1797.870968
39.48214286,112,203589,1817.758929
36.68421053,105,195225,1859.285714
36.4,53,55570,1048.490566
32.74418605,43,34792,809.1162791
44.20454545,94,150412,1600.12766
38.38636364,64,73320,1145.625
37.73469388,58,61308,1057.034483
36.10204082,103,204618,1986.582524
39.80769231,90,144054,1600.6
35.41071429,68,79846,1174.205882
71.75609756,169,546201,3231.95858
79.48120301,137,349158,2548.59854
82.16129032,116,293592,2530.965517
81.31060606,162,567402,3502.481481
80.14965986,178,721828,4055.213483
79.61325967,169,695136,4113.230769
84.69172932,160,581736,3635.85
82.12408759,141,442121,3135.609929
76.03571429,135,361846,2680.340741
73.49006623,124,305686,2465.209677
67.55172414,122,343084,2812.163934
70.7745098,134,407264,3039.283582
66.03061224,173,627009,3624.32948
67.99122807,153,505125,3301.470588
67.32575758,240,1253643,5223.5125
68.3649635,224,1153169,5148.075893
68.28813559,221,1045398,4730.307692
72.39449541,206,1072916,5208.330097
67.97794118,258,1354308,5249.255814
72.72649573,244,1257741,5154.67623
50.34951456,95,246516,2594.905263
50.24031008,91,248294,2728.505495
47.62585034,119,457725,3846.428571
50.17741935,123,540893,4397.504065
52.36296296,142,653456,4601.802817
47.22222222,124,487953,3935.104839
52.04255319,103,324580,3151.262136
50.03759398,107,387696,3623.327103
49.26415094,137,596148,4351.445255
51.46969697,108,311951,2888.435185
45.47572816,167,633041,3790.664671
48.57522124,220,1146615,5211.886364
50.37894737,213,1035053,4859.403756
47.26595745,263,1779000,6764.258555
45.96907216,200,1016203,5081.015
49.35789474,199,968720,4867.939698
52.69047619,146,480751,3292.815068
48.7244898,201,972284,4837.233831
50.1,257,1589858,6186.217899
48.3592233,228,1227298,5382.885965
46.55681818,569,6780432,11916.4007
45.3,562,6688166,11900.65125
44,585,7841149,13403.6735
44.464,574,7501828,13069.38676
41.94656489,575,7458461,12971.23652
42.71538462,612,8068106,13183.17974
46.76635514,573,7520485,13124.75567
39.79824561,576,7531005,13074.66146
46.50892857,614,8633850,14061.64495
43.33333333,591,8343243,14117.16244
46.21052632,183,607918,3321.956284
44.44444444,205,769555,3753.926829
38.85,202,755041,3737.826733
37.0625,205,749679,3656.970732
44.31818182,231,993941,4302.774892
47.275,234,1090386,4659.769231
47.66666667,189,680058,3598.190476
50.75675676,204,811822,3979.519608
44.30434783,220,1005451,4570.231818
47.29787234,205,854477,4168.180488
40.01960784,289,1656037,5730.231834
39.13953488,304,1837387,6044.036184
44.875,283,1535369,5425.332155
45,298,1877803,6301.352349
47.66666667,302,1843118,6103.039735
43.38636364,310,1897586,6121.245161
38.68518519,320,2121364,6629.2625
42.03846154,333,2281942,6852.678679
44.075,333,2206287,6625.486486
45.94117647,337,2394312,7104.783383
28.5625,193,651817,3377.290155
33.45454545,217,822424,3789.97235
30.2,229,946646,4133.825328
34.09090909,208,761610,3661.586538
29.47368421,226,880187,3894.632743
31.95,212,818479,3860.75
33.23809524,168,517722,3081.678571
33.19047619,234,977001,4175.217949
35.0952381,204,731936,3587.921569
33.10526316,201,727189,3617.855721
44,129,295932,2294.046512
34.27777778,125,279508,2236.064
43,101,213737,2116.207921
44.36363636,131,308732,2356.732824
44.54545455,139,342402,2463.323741
38.57142857,121,247134,2042.429752
36.75,124,283770,2288.467742
42.52173913,140,364789,2605.635714
42.21052632,128,314401,2456.257813
38.58333333,131,300094,2290.793893
66.425,141,481738,3416.58156
71.89473684,120,341920,2849.333333
69.24752475,124,327436,2640.612903
70.60227273,108,274373,2540.490741
64.9893617,106,268821,2536.04717
72.20430108,94,212649,2262.223404
68.86,85,184967,2176.082353
74.61764706,87,179768,2066.298851
71.80612245,100,239168,2391.68
80.09302326,129,393293,3048.782946
60.33783784,115,266473,2317.156522
55.89333333,155,438357,2828.109677
53.43333333,139,384618,2767.035971
51.00961538,129,332582,2578.155039
50.63333333,103,219591,2131.951456
48.81553398,103,229550,2228.640777
52.75238095,148,472117,3189.97973
54.13978495,116,284865,2455.732759
51.52222222,129,363539,2818.131783
59.09302326,150,502638,3350.92
54.9893617,180,790330,4390.722222
69.93670886,200,840518,4202.59
64.64772727,140,447307,3195.05
60.1875,157,551311,3511.535032
59.60493827,146,511027,3500.184932
54.79487179,102,226739,2222.931373
67.06796117,103,243905,2368.009709
66.46078431,100,216728,2167.28
63.02061856,115,345215,3001.869565
63.5,141,497314,3527.049645
111.0617978,28,19128,683.1428571
136.8606061,14,5520,394.2857143
160.4269006,27,14791,547.8148148
147.6227545,24,14218,592.4166667
135.2773723,24,11950,497.9166667
130.7181208,30,19304,643.4666667
135.7464789,27,16196,599.8518519
140.1025641,33,21981,666.0909091
169.2325581,41,31277,762.8536585
140,14,6383,455.9285714
52.1375,80,156071,1950.8875
47.12643678,78,140240,1797.948718
47.32173913,62,94245,1520.080645
48.43809524,85,183167,2154.905882
50.13953488,79,137774,1743.974684
54.97580645,66,111131,1683.80303
59.68695652,73,126894,1738.273973
63.1875,59,87895,1489.745763
57.85365854,66,108598,1645.424242
50.5,55,70586,1283.381818
70.5,125,323255,2586.04
83.10638298,153,470233,3073.418301
96.26388889,168,604431,3597.803571
94.25,158,467480,2958.734177
117.7681159,106,252473,2381.820755
125.969697,112,216704,1934.857143
131.6393443,105,225869,2151.133333
94.65384615,124,315088,2541.032258
110.8428571,169,639528,3784.189349
82.98412698,113,286294,2533.575221
43.76923077,29,24649,849.9655172
45.35526316,32,29059,908.09375
51.48648649,25,16432,657.28
47.65853659,53,62955,1187.830189
47.66292135,56,70383,1256.839286
41.61458333,29,21885,754.6551724
41.93478261,34,31730,933.2352941
50.05714286,36,37469,1040.805556
43.41111111,42,48036,1143.714286
45.65384615,40,38536,963.4
42.30909091,15,7776,518.4
41.67142857,17,8813,518.4117647
44.20895522,17,9101,535.3529412
44.51948052,31,27331,881.6451613
49.87951807,35,30139,861.1142857
41.36893204,21,12186,580.2857143
42.87878788,32,26096,815.5
48.42156863,25,19629,785.16
43.1443299,24,17431,726.2916667
45.24390244,11,5004,454.9090909
57.70454545,187,735950,3935.561497
50.66666667,218,922692,4232.53211
44.95,255,1196187,4690.929412
46.12676056,171,584065,3415.584795
51.29487179,208,795699,3825.475962
50.69047619,209,807656,3864.382775
51.05952381,198,758976,3833.212121
50.20779221,191,673007,3523.596859
47.97468354,208,851068,4091.673077
46.80882353,207,774354,3740.84058
65.40983607,121,303201,2505.793388
93.65,157,484667,3087.050955
86.45679012,168,613031,3648.994048
87.3974359,154,465153,3020.474026
113.8356164,107,246876,2307.252336
116.7534247,105,196866,1874.914286
121.5538462,107,218996,2046.691589
96.42465753,138,368450,2669.927536
111.8030303,164,632725,3858.079268
80.88059701,127,356552,2807.496063
30.05555556,93,145754,1567.247312
30.05555556,93,145754,1567.247312
30.05555556,93,145754,1567.247312
30.05555556,93,145754,1567.247312
30.05555556,93,145754,1567.247312
30.05555556,93,145754,1567.247312
30.05555556,93,145754,1567.247312
30.05555556,93,145754,1567.247312
30.05555556,93,145754,1567.247312
30.05555556,93,145754,1567.247312
46.08196721,196,800525,4084.311224
46.51851852,232,1095691,4722.806034
53.35384615,223,1083208,4857.434978
43.87671233,237,1297947,5476.56962
53.46875,243,1364616,5615.703704
43.06818182,240,1325469,5522.7875
53.92405063,231,1378720,5968.484848
52.55696203,255,1690262,6628.478431
53.78571429,245,1493388,6095.461224
60.09375,241,1311155,5440.477178
44.47311828,87,171742,1974.045977
43.25675676,63,88773,1409.095238
42.04651163,72,104209,1447.347222
43.57281553,83,171504,2066.313253
46.1011236,78,154044,1974.923077
45.84126984,72,125828,1747.611111
44.01408451,75,137230,1829.733333
42.53623188,61,82459,1351.786885
44.65714286,77,136166,1768.38961
50.56164384,48,64003,1333.395833
46.05714286,25,19310,772.4
51.23076923,24,15687,653.625
54.07272727,22,14368,653.0909091
46.96428571,43,44259,1029.27907
36.06060606,33,25673,777.969697
36.88157895,21,13279,632.3333333
38.78461538,15,7263,484.2
39.88311688,17,10213,600.7647059
34.32,16,9200,575
36.90277778,22,13853,629.6818182
78.4964539,126,430234,3414.555556
79.90697674,130,400551,3081.161538
81.82191781,146,551299,3776.020548
79.40972222,129,463243,3591.031008
80.34848485,135,547018,4051.985185
80.35971223,146,548579,3757.390411
92.06837607,141,449930,3190.992908
84.32835821,123,388442,3158.065041
88.475,138,507317,3676.210145
97.88495575,140,543486,3882.042857
55.66292135,186,851534,4578.139785
68.30263158,199,801186,4026.060302
59.70588235,139,443414,3190.028777
60.7875,156,537035,3442.532051
55.19767442,150,530907,3539.38
52.76315789,103,227594,2209.650485
66.59803922,106,252903,2385.877358
66.26804124,100,207722,2077.22
64.29473684,118,357887,3032.940678
64.89247312,139,505672,3637.928058
95.60294118,74,128564,1737.351351
102.5445026,105,207577,1976.92381
105.0325581,109,280956,2577.577982
105.1836735,99,238643,2410.535354
106.4734043,73,94174,1290.054795
110.1941176,68,82305,1210.367647
102.761658,90,143237,1591.522222
97.625,74,127579,1724.040541
95.65400844,94,226607,2410.712766
97.64761905,99,211900,2140.40404
63.85454545,165,677833,4108.078788
76.45,134,457724,3415.850746
70.12931034,149,525289,3525.42953
74.25663717,145,598641,4128.558621
78.21212121,147,497945,3387.380952
72.7480315,144,563549,3913.534722
72.4137931,111,359927,3242.585586
68.0462963,128,407863,3186.429688
68.8034188,143,482449,3373.769231
76.49056604,106,307378,2899.792453
47.0942029,278,1582588,5692.76259
49.41935484,220,1286710,5848.681818
51.55952381,221,1224855,5542.330317
49.02912621,233,1365609,5860.982833
51.8974359,221,1202665,5441.923077
55.30088496,238,1445392,6073.07563
57.58585859,232,1276201,5500.866379
51.33613445,217,1154221,5318.990783
49.27102804,219,1250764,5711.251142
51.91011236,232,1283548,5532.534483
47.18367347,199,696926,3502.140704
53.03773585,263,1500212,5704.228137
51.14035088,270,1531497,5672.211111
48.91803279,274,1687314,6158.080292
51.80327869,304,1931045,6352.121711
51.96721311,304,1857496,6110.184211
45.94642857,300,1974311,6581.036667
46.91525424,286,1742728,6093.454545
53.47692308,285,1735287,6088.726316
47.65277778,299,1838299,6148.157191
124.1878453,40,55162,1379.05
126.8631579,40,56289,1407.225
126.645,41,65124,1588.390244
133.7120419,38,58064,1528
123.1813953,23,27164,1181.043478
117.5183486,31,34860,1124.516129
108.4864865,21,20459,974.2380952
106.2827004,20,15541,777.05
122.0235849,29,33976,1171.586207
130.6059113,40,55811,1395.275
48.80232558,300,1909247,6364.156667
48.20224719,251,1423196,5670.103586
46.49411765,263,1696499,6450.56654
57.6626506,263,1727547,6568.619772
50.74117647,292,2138880,7324.931507
54.44318182,306,2116454,6916.51634
57.04878049,301,2220371,7376.647841
50.76744186,257,1475939,5742.953307
51.82978723,285,1947889,6834.698246
57.2,296,2027535,6849.780405
47.78846154,253,1311402,5183.407115
54.05454545,236,1140736,4833.627119
54.91525424,232,1147643,4946.737069
52.85483871,239,1260725,5275
54.17741935,273,1656998,6069.589744
50.17910448,249,1367129,5490.477912
50.6440678,264,1500603,5684.102273
54.89473684,246,1316598,5352.02439
51.28070175,228,1141176,5005.157895
50.78666667,225,1034757,4598.92
57.37837838,78,133463,1711.064103
54.89655172,134,402358,3002.671642
63.24675325,129,346344,2684.837209
65.88,67,78333,1169.149254
61.825,62,71861,1159.048387
55.19565217,93,158171,1700.763441
57.51724138,88,132919,1510.443182
52.20454545,77,101673,1320.428571
58.25806452,71,100085,1409.647887
54.82142857,51,51455,1008.921569
75.0390625,243,1468704,6044.049383
72.97058824,254,1576963,6208.515748
71.20437956,258,1596677,6188.670543
66.86206897,257,1579501,6145.918288
65.12765957,255,1584207,6212.576471
70.9140625,266,1718075,6458.928571
67.0952381,235,1390596,5917.429787
73.36619718,244,1488196,6099.163934
86.48,260,1613353,6205.203846
78.25925926,249,1515254,6085.35743
70.08965517,238,1414121,5941.684874
76.02189781,253,1503292,5941.865613
70.30612245,267,1636275,6128.370787
60.62275449,258,1548649,6002.515504
63.72903226,240,1381014,5754.225
65.30555556,251,1562973,6226.984064
72.91851852,240,1404198,5850.825
69.47260274,251,1571708,6261.784861
81.32539683,252,1531920,6079.047619
74.92805755,253,1563188,6178.608696
73.44444444,236,1391472,5896.067797
72.40769231,246,1485325,6037.906504
68.58503401,262,1594915,6087.461832
63.51851852,252,1518825,6027.083333
61.20606061,247,1476881,5979.275304
68.41984733,259,1635435,6314.420849
63.85714286,245,1481933,6048.706122
74,253,1589179,6281.339921
85.80487805,257,1619458,6301.392996
74.29370629,249,1529004,6140.578313
54.30827068,115,301283,2619.852174
55.16964286,134,416059,3104.91791
56.31578947,132,343495,2602.234848
59.26428571,121,327833,2709.363636
55.69230769,115,309506,2691.356522
55.23809524,134,418271,3121.425373
50.68992248,138,400612,2902.985507
50.80916031,136,398150,2927.573529
61.72932331,126,381014,3023.920635
57.68345324,110,302116,2746.509091
74.54109589,183,718366,3925.497268
81.10569106,149,463974,3113.919463
78.25874126,119,283529,2382.596639
66.74675325,120,303031,2525.258333
67.86821705,118,280536,2377.423729
66.87681159,138,373942,2709.724638
66.67142857,122,302289,2477.778689
62.89403974,109,242147,2221.53211
68.84459459,108,254221,2353.898148
78.03472222,153,472776,3090.039216
87.34415584,64,169468,2647.9375
81.73513514,76,225114,2962.026316
77.98421053,79,223243,2825.860759
83.09142857,73,121431,1663.438356
88.95705521,101,304218,3012.059406
82.5804878,148,667842,4512.445946
86.13414634,64,102593,1603.015625
92.49261084,116,413335,3563.232759
97.09937888,113,393125,3478.982301
94.13114754,89,249805,2806.797753
62.05128205,42,53463,1272.928571
64.5,41,45007,1097.731707
64.68,33,30995,939.2424242
65.10738255,45,45018,1000.4
71.48461538,41,35935,876.4634146
62.85314685,41,53038,1293.609756
62.95555556,47,59390,1263.617021
68.31617647,50,73213,1464.26
69.42176871,69,99782,1446.115942
71.41304348,46,52718,1146.043478
64.72839506,113,269159,2381.938053
79.57798165,90,162205,1802.277778
68.69767442,100,185823,1858.23
66.81021898,112,259112,2313.5
75.7265625,104,214278,2060.365385
71.65986395,99,183931,1857.888889
79.13953488,90,157468,1749.644444
75.375,113,267630,2368.40708
76.40350877,95,191548,2016.294737
70.78294574,108,269241,2492.972222
56.86206897,126,350525,2781.944444
54.02666667,124,319980,2580.483871
57.625,102,239077,2343.892157
61.75,106,267995,2528.254717
63.50649351,106,244304,2304.754717
61.90909091,112,301035,2687.8125
60.96,116,346875,2990.301724
64.06153846,119,329056,2765.176471
62.80821918,115,320007,2782.669565
65.24285714,117,299842,2562.752137
56.51376147,246,1475002,5995.943089
57.47115385,247,1498227,6065.696356
55.09482759,247,1502944,6084.793522
59.91588785,242,1454492,6010.297521
59.59433962,240,1418484,5910.35
53.31858407,236,1401192,5937.254237
51.97478992,245,1461774,5966.42449
54.07692308,235,1381535,5878.87234
52.82242991,227,1273348,5609.462555
55.375,248,1476809,5954.875
59.31081081,98,205687,2098.846939
65.52564103,123,334146,2716.634146
64.50666667,132,347428,2632.030303
62.01149425,132,353099,2674.992424
62.92771084,131,338388,2583.114504
64.2962963,144,410909,2853.534722
62.9,130,340801,2621.546154
59.42666667,145,417434,2878.855172
54.17647059,128,333748,2607.40625
63.28378378,125,326087,2608.696
48.86585366,359,3040072,8468.167131
54.42666667,377,2844498,7545.087533
59.41428571,342,2596805,7592.997076
52.62666667,349,2595674,7437.461318
61.49206349,358,2815347,7864.097765
52.04054054,334,2431627,7280.320359
48.88505747,325,2460662,7571.267692
59.80597015,325,2416680,7435.938462
54.07246377,313,2228876,7121.009585
53.75714286,310,2123858,6851.154839
40.76,26,15858,609.9230769
40.25,15,6829,455.2666667
44.6875,17,7212,424.2352941
43.7,20,9862,493.1
39,9,3650,405.5555556
33.38888889,14,5881,420.0714286
39.9375,14,6135,438.2142857
47.30769231,15,6938,462.5333333
36.57894737,17,8021,471.8235294
38.75,11,4482,407.4545455
48.33823529,220,1140894,5185.881818
51.31914894,242,1309184,5409.85124
54.1875,211,957519,4538.004739
60.72222222,253,1392221,5502.849802
58.01369863,256,1370664,5354.15625
61.1,186,709441,3814.198925
59.09302326,231,1157221,5009.614719
64.19736842,197,792992,4025.340102
69.05970149,186,728933,3918.994624
67.82258065,212,1011158,4769.613208
49.87671233,141,461893,3275.836879
58.11111111,139,423016,3043.280576
60.28813559,206,916328,4448.194175
56.32894737,178,706820,3970.898876
53.4025974,169,595207,3521.934911
53.87931034,166,633597,3816.849398
56.37837838,195,878049,4502.815385
59.95714286,147,463494,3153.020408
60.79710145,144,434361,3016.395833
59.41935484,130,346692,2666.861538
40.29411765,241,1267953,5261.215768
41.95081967,152,511798,3367.092105
34.69047619,245,1351703,5517.155102
40.7826087,239,1244842,5208.543933
38.13114754,193,817963,4238.150259
40.03125,248,1484362,5985.330645
43.33928571,260,1497867,5761.026923
45.23076923,251,1386731,5524.824701
43.63636364,309,2020158,6537.728155
45.89473684,229,1136242,4961.755459
39.66666667,57,53789,943.6666667
39.32352941,105,216616,2063.009524
37.28571429,169,525339,3108.514793
49.77586207,260,1501047,5773.257692
48.66071429,221,999677,4523.425339
47.14583333,177,603938,3412.079096
46.5,203,888630,4377.487685
51.10810811,127,304948,2401.165354
42.34482759,218,1028221,4716.610092
43.64516129,212,959665,4526.721698
41.5,82,129628,1580.829268
41.66666667,75,118283,1577.106667
42.22222222,76,125927,1656.934211
39.09090909,73,101775,1394.178082
37.3125,71,100670,1417.887324
48.33333333,85,141575,1665.588235
40.69230769,76,124852,1642.789474
45.625,70,101050,1443.571429
35.25,70,94754,1353.628571
37,67,89720,1339.104478
34.46666667,86,136725,1589.825581
34.10526316,90,154975,1721.944444
32.14814815,96,167669,1746.552083
35.1875,70,91507,1307.242857
33.18518519,102,182575,1789.95098
36.26923077,101,184112,1822.891089
41.57142857,111,218274,1966.432432
34.94736842,79,115962,1467.873418
36.26666667,50,47432,948.64
33.8,78,110332,1414.512821
56.35616438,136,399951,2940.816176
56.61458333,198,871355,4400.782828
57.26315789,158,569741,3605.955696
54.10465116,139,473393,3405.705036
57.0989011,181,805342,4449.403315
53.61320755,156,546622,3503.987179
53.0776699,160,601015,3756.34375
55.61386139,215,1110848,5166.734884
54.94117647,289,1931994,6685.100346
59.11711712,224,1047423,4675.995536
55.30434783,114,324437,2845.938596
52.92063492,107,334739,3128.401869
47.79207921,73,144735,1982.671233
45.44444444,93,247822,2664.752688
49.25454545,125,429206,3433.648
47.26605505,106,361494,3410.320755
46.53465347,101,277416,2746.693069
46.28947368,139,555712,3997.928058
49.04065041,136,497367,3657.110294
46.5326087,121,354925,2933.264463
51.38043478,571,7845979,13740.76883
49.8125,574,7417168,12921.89547
48.78350515,494,5872421,11887.4919
49,537,6803453,12669.37244
49.46464646,529,6992090,13217.56144
52.81818182,550,7749924,14090.77091
58.57777778,529,6908645,13059.82042
51.30107527,511,6297507,12323.88845
51.67326733,568,8659279,15245.20951
49.57142857,591,9238688,15632.2978
43.953125,37,30604,827.1351351
44.38235294,35,32418,926.2285714
39.15789474,22,13986,635.7272727
38.44444444,19,12045,633.9473684
45.03896104,56,61498,1098.178571
50.85542169,93,168874,1815.849462
38.38461538,36,30348,843
46.89333333,80,117394,1467.425
50.96153846,87,157784,1813.609195
47.8372093,50,48022,960.44
42.01030928,510,5410104,10608.04706
41.69090909,540,5912193,10948.50556
45.06730769,542,6030300,11126.01476
45.04123711,524,5938208,11332.45802
46.17142857,571,7106247,12445.2662
42.01190476,560,6629584,11838.54286
42.04651163,557,6389245,11470.81688
44.6,504,5297774,10511.45635
41.73636364,544,6001921,11032.94301
42.63207547,536,5900418,11008.24254
80.70967742,127,323733,2549.07874
67.54285714,134,365655,2728.768657
71.21212121,105,235275,2240.714286
84.83333333,122,305281,2502.303279
74.08823529,135,362235,2683.222222
67.48571429,127,321743,2533.409449
64.75,107,239846,2241.551402
75.30555556,131,365428,2789.526718
76.21052632,130,335671,2582.084615
76.43243243,126,313439,2487.611111
72.94964029,110,289942,2635.836364
80.304,90,194243,2158.255556
75.18471338,83,146399,1763.843373
74.78145695,73,116245,1592.39726
74.41059603,79,144402,1827.873418
70.31292517,76,120537,1586.013158
73.85806452,78,133456,1710.974359
71.825,62,88911,1434.048387
77.36363636,66,102069,1546.5
78.61589404,92,174848,1900.521739
74.71978022,79,142290,1801.139241
85.65745856,126,325566,2583.857143
96.0718232,128,372395,2909.335938
101.0497238,122,364988,2991.704918
98.94642857,101,186267,1844.227723
106.4417178,97,167650,1728.350515
101.6964286,119,274683,2308.260504
90.59668508,121,344876,2850.214876
95.48663102,118,334309,2833.127119
83.92783505,107,238123,2225.448598
56.78571429,143,420520,2940.699301
68.875,162,546537,3373.685185
59.45945946,152,475653,3129.296053
69.06185567,143,479064,3350.097902
77.41803279,146,428030,2931.712329
88.11320755,133,351339,2641.646617
83.36633663,128,351041,2742.507813
77.01010101,123,359781,2925.04878
76.62352941,143,440295,3078.986014
67.1125,153,523325,3420.424837
72.88349515,152,431649,2839.796053
77.37037037,154,503479,3269.344156
80.10280374,166,551146,3320.156627
68.16190476,160,523854,3274.0875
67.61818182,155,505773,3263.051613
66.75423729,137,361035,2635.291971
71.40860215,116,291964,2516.931034
68.62135922,130,307092,2362.246154
66,151,454834,3012.145695
69.96850394,180,676214,3756.744444
88.28571429,108,232515,2152.916667
105.1153846,136,357303,2627.227941
160.3166667,117,302996,2589.709402
122.2941176,105,210626,2005.961905
90.38596491,138,373536,2706.782609
92.10169492,130,302906,2330.046154
74.9122807,116,286927,2473.508621
111.4038462,143,365721,2557.48951
149.7966102,152,454014,2986.934211
86.09859155,80,128851,1610.6375
38.55172414,154,631625,4101.461039
49.94594595,135,436626,3234.266667
41.6,137,482423,3521.335766
51,146,526382,3605.356164
56.575,159,611357,3845.012579
63,160,580406,3627.5375
54.66666667,161,676624,4202.63354
55.15,171,788710,4612.339181
48.97297297,178,883298,4962.348315
50.47727273,155,732149,4723.541935
62.83561644,166,558711,3365.728916
62.61627907,190,775487,4081.510526
64.675,169,605029,3580.053254
64.76470588,155,420197,2710.948387
61.61458333,145,374243,2580.986207
64.29761905,149,426960,2865.503356
62.1125,175,625814,3576.08
66.36470588,164,524794,3199.963415
60.29761905,151,449562,2977.231788
63,187,694691,3714.925134
44.54285714,352,2293448,6515.477273
42.32989691,348,2443757,7022.29023
46.72340426,342,2576144,7532.584795
52.02702703,323,2309975,7151.625387
48.43181818,342,2585641,7560.353801
50.31707317,333,2546864,7648.24024
50.63095238,324,2383629,7356.87963
53.64367816,320,2283680,7136.5
50.24705882,333,2579406,7745.963964
55.94871795,366,2756673,7531.893443
45.74782609,92,158361,1721.315217
43.75,117,272482,2328.905983
45.6870229,103,193399,1877.660194
46.31060606,94,165224,1757.702128
48.70731707,91,154284,1695.428571
46.00787402,99,177921,1797.181818
47.47457627,76,101345,1333.486842
48.09917355,78,119511,1532.192308
49.75652174,82,144535,1762.621951
47.11904762,93,153093,1646.16129
68.875,233,1378913,5918.081545
71.13194444,238,1446126,6076.159664
72.07092199,260,1595751,6137.503846
63.43225806,242,1444396,5968.578512
60.82432432,242,1437571,5940.376033
69.072,255,1600761,6277.494118
71.39694656,245,1459738,5958.114286
73.2919708,245,1448026,5910.310204
78.85294118,243,1455978,5991.679012
82.82644628,249,1516268,6089.429719
111.2743902,56,85276,1522.785714
106.8984772,51,76821,1506.294118
116.7319588,66,108455,1643.257576
120.0927152,87,194337,2233.758621
143.4966443,69,113538,1645.478261
132.3006135,95,209621,2206.536842
130.4124294,87,182668,2099.632184
140.4699454,55,81599,1483.618182
149.3291925,77,145010,1883.246753
140.8975904,79,190255,2408.291139
62.83561644,166,558711,3365.728916
69.75490196,162,556818,3437.148148
68.15740741,154,528891,3434.357143
72.45098039,138,405036,2935.043478
73.8125,122,278414,2282.081967
81.32258065,116,276280,2381.724138
73.79807692,140,449927,3213.764286
75.6744186,124,314503,2536.314516
73.30612245,123,337298,2742.260163
80.42718447,151,485592,3215.84106
62.39495798,110,248066,2255.145455
70.66071429,126,333035,2643.134921
76.90816327,138,360673,2613.572464
71.78947368,153,453719,2965.48366
61.62184874,120,289795,2414.958333
67.38181818,144,377739,2623.1875
64.14782609,141,373142,2646.397163
70.32758621,143,394931,2761.755245
57.66393443,115,282768,2458.852174
66.13913043,132,371139,2811.659091