kurtosis,aboveMeanCount,entropy,zeros.log,norm.log,min.log,max.log,q1.log,q3.log,med.log,std.log,skew.log,aboveMeanCount.log,contourAvgLengthLSD,VarPool_75x25_StdStat,range,class,var,MulticlassTreePrediction,BinTreePredictionHM,BinTreePredictionHL,BinTreePredictionML,TreeFinalPred
7.788414264,3268,7.231276258,-2.302585093,-9.804736638,-36.68978973,-10.65164325,-27.42156761,-24.34632286,-26.2636932,-15.56980177,4.220770459,8.091933456,468.6666667,0.000183111,-0.219415817,NA,dst_a3_SRF_daily_5,1,1,1,2,1
-0.142616092,27827,142.9650857,-2.302585093,7.627207805,0,3.213363759,0,1.053103882,0,1.621755619,-2.190385951,10.23376205,4921.897674,0.007560422,-0.214276666,NA,V850_daily_9,1,1,1,2,1
-0.142235716,32017,10.91823074,-2.302585093,11.37744419,5.393975456,5.773220397,5.613434099,5.702634278,5.672819233,2.931541948,0,10.37402229,2396.477876,0.007323311,-0.207437211,NA,TREFHTMX_monthly_5,3,1,3,3,3
-0.113378113,15402,10.1225408,-2.302585093,-6.575080416,-16.53718691,-10.4068126,-15.23590438,-13.16607622,-14.3474977,-12.80839809,1.497379128,9.64225265,1914.169014,0.015889613,-0.219415816,NA,BURDENSOA_monthly_9,2,2,1,2,2
-0.144756231,33866,10.9155517,-2.302585093,11.36132165,5.328706687,5.714410811,5.485484973,5.683204689,5.63102959,3.277360996,0,10.43016684,3656.891892,0.031659717,-0.207963676,NA,TSMN_monthly_1,3,1,1,3,1
-0.144242795,35033,10.91481278,-2.302585093,11.36387813,5.245405412,5.714126435,5.4915674,5.683429166,5.634262818,3.342363318,0,10.46404575,4484.955307,0.018084283,-0.206029038,NA,TSMN_monthly_4,3,2,3,3,3
-0.142469894,27607,147.1318345,-2.302585093,8.098154045,0,3.175640509,0,1.218961915,0,1.767332776,0,10.22582464,4462.483516,0.012241595,-0.213977919,NA,V850_daily_2,1,1,1,2,1
-0.14434738,25548,10.48679288,-2.302585093,-4.137982281,0,-9.141313761,-12.58517259,-10.04092754,-10.73687074,-10.71269393,-0.711766677,10.14831431,4823.527094,0.008843697,-0.219415806,NA,QFLX_monthly_9,1,1,1,2,1
-0.138263241,43309,10.91508294,-2.302585093,6.976975201,0.674180586,1.333129286,1.271816966,1.311505463,1.30316188,-1.050444975,0,10.67611574,5964.679167,0.01590483,-0.219199785,NA,TMCO2_OCN_monthly_7,3,1,3,3,3
-0.129053971,25234,42.6175484,-2.302585093,3.82925448,0,0.240722376,0,-3.482205255,-6.212017676,-2.3144842,0,10.13594757,841.40625,0.002238081,-0.219168959,NA,TAUY_daily_7,1,1,1,2,1
-0.145052975,24995,10.51150191,8.885164095,5.557507176,-2.302585093,0,-2.279643199,-0.107507719,-0.964198898,-0.965828798,-1.539863956,10.12643108,6850.556787,0.040126542,-0.219297798,NA,CLDLOW_sixhourly_3,1,1,1,2,1
-0.144388727,34078,10.92017685,-2.302585093,15.60210698,9.863338549,9.943341422,9.894687175,9.930029183,9.926337195,6.164789296,0,10.43640729,2333.616438,0.034116589,-0.03055207,NA,Z050_daily_8,3,1,3,3,3
-0.144725447,31090,10.85407577,-2.302585093,11.70443898,4.446583246,6.136796659,5.285489043,5.955227623,5.746904897,4.63139711,0,10.3446415,6803.43038,0.023143531,-0.174894015,NA,FLDS_sixhourly_7,2,2,3,2,2
-0.14478083,27774,10.60202146,8.881836305,11.64299167,-2.302585093,6.142865238,4.196357941,5.79081227,5.326398271,4.961813825,0,10.23185561,4091.995169,0.003389657,-0.16449035,NA,FSNTOA_daily_6,2,2,1,2,2
-0.144220917,24768,10.44057214,-2.302585093,-4.114365393,0,-8.99984957,-12.95340712,-10.01646429,-10.78498527,-10.64515696,-0.525797286,10.11730778,4690.004608,0.014312732,-0.219415805,NA,QFLX_monthly_10,1,1,1,2,1
-0.144560821,35003,10.91464781,-2.302585093,11.36330535,5.273533161,5.714607864,5.477504438,5.684749546,5.634230757,3.356384968,0,10.46318905,4315.188482,0.022984338,-0.20665047,NA,TSMN_monthly_3,3,2,3,3,3
-0.144789423,27844,10.60152965,8.881836305,11.6414424,-2.302585093,6.14671722,4.191084722,5.802541613,5.338623102,4.969704541,0,10.23437278,4130.451163,0.003601302,-0.16427837,NA,FSNTOA_daily_3,2,2,1,2,2
-0.141277933,22966,12.4827242,-2.302585093,9.422715626,0,5.174791382,0.73356193,3.093951217,2.39010675,3.211449149,-0.188571694,10.04177014,3376.345238,0.004956284,-0.192444173,NA,SHFLX_monthly_8,1,1,1,2,1
-0.145031466,25280,10.52197241,8.940891068,5.661959993,-2.302585093,0,-2.2297148,-0.130082508,-0.927080045,-0.97806743,-1.651390221,10.13776885,6187.630058,0.044034472,-0.219297798,NA,CLDLOW_sixhourly_8,1,1,1,2,1
-0.144254979,34375,10.92018823,-2.302585093,15.6017253,9.861415082,9.941600851,9.896303631,9.929582835,9.925342492,6.143857201,0,10.44508483,2063.8,0.032078601,-0.030466551,NA,Z050_daily_4,3,1,3,3,3
-0.144581551,32544,10.91709746,-2.302585093,11.36638744,5.393447754,5.744260269,5.542533317,5.690262123,5.639001194,3.10906443,0,10.3903483,3017.900662,0.025854919,-0.208506851,NA,TS_daily_2,3,1,3,3,3
-0.144627156,31675,10.90121511,-2.302585093,11.33608403,4.927358611,5.762477578,5.270336252,5.617313886,5.505402648,3.812693174,0,10.36328301,2029.083333,0.023870035,-0.198157651,NA,FLUTC_monthly_2,2,2,3,2,2
-0.142961965,31404,10.92035331,-2.302585093,17.19730577,11.46892574,11.56948832,11.51526466,11.53009745,11.52337412,7.275670614,0,10.35469055,1049.519231,0.009414117,0.975421411,NA,PSL_sixhourly_9,3,2,3,3,3
-0.144464288,32464,10.91709033,-2.302585093,11.36706445,5.391600513,5.747668228,5.54977887,5.690424586,5.639381205,3.109947767,0,10.38788706,3543.881988,0.025207188,-0.208333079,NA,TS_daily_10,3,1,3,3,3
1.16473333,3738,7.618132302,-2.302585093,-9.838476427,-32.89821124,-11.4770895,-27.38235495,-22.09251344,-24.15175829,-15.89673669,3.233201504,8.226305988,387,0.000485383,-0.219415818,NA,dst_a3_SRF_monthly_5,1,1,1,2,1
-0.145041029,25473,10.5225363,8.877939835,5.538718771,-2.302585093,0,-2.203912273,-0.131807461,-0.92787515,-0.978589127,-1.637805417,10.14537435,6868.057377,0.039379946,-0.219297798,NA,CLDLOW_sixhourly_5,1,1,1,2,1
-0.144604933,25629,10.54046182,8.881836305,11.31840848,-2.302585093,5.944868024,3.539117092,5.410913549,4.800974751,4.693935972,-1.088661293,10.1514798,4759.209486,0.011062919,-0.174356495,NA,FSNS_daily_4,2,1,1,2,1
-0.144547876,21973,10.47214519,-2.302585093,1.530768317,-10.71977892,-3.864020265,-7.087088227,-4.424551479,-5.429102998,-5.125667192,-0.497758149,9.997569706,5478.083333,0.016681159,-0.219413346,NA,QBOT_daily_1,2,2,1,2,2
1.139840387,3139,7.375129451,-2.302585093,-9.907797774,-33.28187852,-11.45783112,-27.09443578,-22.07559807,-24.53758387,-15.80605283,3.28189942,8.051659557,427.5833333,0.000640591,-0.219415818,NA,dst_a3_SRF_monthly_7,1,1,1,2,1
-0.144472873,32131,10.91754741,-2.302585093,11.36731857,5.379603456,5.743469841,5.562752304,5.691596198,5.642585748,3.043291293,0,10.37757658,1958.924528,0.020487603,-0.208179059,NA,TREFHTMX_daily_8,3,2,3,3,3
-0.142782742,29599,10.88110917,-2.302585093,10.26475918,1.601403057,5.313190269,4.113304045,4.514124519,4.377521357,3.068263977,-1.472992641,10.29549586,3087.207792,0.00634743,-0.196043207,NA,FLNSC_daily_2,2,2,3,2,2
-0.023434949,3959,7.639519139,10.75044964,-15.29468672,-2.302585093,-17.71359361,-2.302585093,-2.302585093,-2.302585093,-20.97009116,2.290465615,8.283746747,912.1395349,0.00292543,-0.21941582,NA,PRECSC_monthly_1,1,1,1,2,1
-0.144887489,28853,10.62714233,8.84101431,11.69953796,-2.302585093,6.084560516,4.494532868,5.971444209,5.537981054,5.048989381,0,10.26996925,1276.685714,0.010846955,-0.167601195,NA,FSNTOAC_monthly_6,2,2,1,2,2
-0.144911845,30488,10.68586152,7.272398393,11.63185444,-2.302585093,5.996511528,4.480766495,5.866316236,5.55726299,4.912180356,0,10.32508844,2463.66055,0.02966683,-0.171968338,NA,FSNTOAC_monthly_4,2,2,1,2,2
-0.144583426,32490,10.91716222,-2.302585093,11.36640635,5.40440261,5.752452596,5.545246464,5.69015906,5.639396231,3.10014827,0,10.38868763,3077.272727,0.024540089,-0.20848952,NA,TS_daily_4,3,1,3,3,3
-0.145017824,27919,10.6179151,8.607399459,11.77372707,-2.302585093,6.121255346,4.620828845,6.037300902,5.523896487,5.114269595,0,10.23706274,1624.013699,0.011325538,-0.165664551,NA,FSNTOAC_monthly_1,2,2,1,2,2
-0.145032951,30386,10.67296415,7.043159916,11.64829788,-2.302585093,6.008521164,4.327412131,5.898276414,5.572288335,4.955699452,0,10.32173726,2097.09,0.033266958,-0.171395075,NA,FSNTOAC_monthly_10,2,2,1,2,2
-0.144542843,21814,10.48123223,-2.302585093,1.506528739,-11.47745794,-3.826489743,-6.965510419,-4.439585212,-5.405431798,-5.139111038,-0.498162234,9.990307244,4986.379167,0.014046226,-0.21941325,NA,QBOT_daily_9,2,2,1,2,2
-0.144454129,31896,10.91752263,-2.302585093,11.36739783,5.383963244,5.751706436,5.563795674,5.69141773,5.642667016,3.047278014,0,10.37023589,2399.925,0.020026319,-0.207986239,NA,TREFHTMX_daily_9,3,1,3,3,3
-0.144567768,22190,10.48036126,-2.302585093,1.504568495,-11.24128991,-3.889434186,-6.984990872,-4.443997647,-5.441696676,-5.141411133,-0.516429538,10.00739702,5966.335878,0.014096449,-0.219413407,NA,QBOT_daily_5,2,2,1,2,2
-0.129204382,12640,10.09339993,-2.302585093,-6.938691675,-15.77730839,-11.00688085,-15.45644202,-13.79493612,-14.755255,-13.1422667,1.245761175,9.444621668,2730,0.016206133,-0.219415818,NA,BURDENSOA_monthly_3,2,2,1,2,2
-0.142662196,27567,117.3947701,-2.302585093,7.93485554,0,3.117553774,0,1.200241204,0,1.776987689,0,10.22437468,3232.524138,0.009658083,-0.213085297,NA,V850_daily_3,1,1,1,2,1
-0.078507428,7064,8.575222402,10.72220956,4.380554857,-2.302585093,0.937593971,-2.302585093,-2.302585093,-2.302585093,-2.236224698,1.823595596,8.862766742,2034.356164,0.001495801,-0.219114413,NA,SNOWHICE_monthly_8,1,1,1,2,1
-0.142894702,30447,10.92035553,-2.302585093,17.19800471,11.46602669,11.56867491,11.51574019,11.52989272,11.5232994,7.264641346,0,10.32374275,825.5217391,0.009162977,0.997961682,NA,PSL_sixhourly_8,3,2,3,3,3
-0.142749955,33017,10.9176075,-2.302585093,11.3746652,5.379931035,5.766254156,5.611021624,5.701191944,5.666806027,3.044885728,0,10.40477786,2415.851852,0.011571932,-0.20733844,NA,TREFHTMX_monthly_4,3,1,3,3,3
-0.133765312,24288,34.42528021,-2.302585093,3.637762416,0,-0.034955658,0,-3.372992317,-6.466163159,-2.416239908,-0.069981952,10.09773768,1414.565217,0.002237763,-0.219237816,NA,TAUY_daily_4,1,1,1,2,1
-0.144557369,22388,10.48235053,-2.302585093,1.512464451,-10.67082479,-3.902604354,-7.004871387,-4.445487667,-5.414689756,-5.142435371,-0.519966849,10.01628038,6072.182482,0.015331504,-0.21941344,NA,QBOT_daily_4,2,2,1,2,2
-0.144808419,30589,10.64784254,8.658692754,11.67350619,-2.302585093,6.058795506,4.61451835,5.95252641,5.641722866,5.020867559,0,10.32839575,1675.031915,0.016437027,-0.168919148,NA,FSNTOAC_monthly_7,2,2,1,2,2
-0.144614354,25584,10.54680305,8.843759382,11.27589931,-2.302585093,5.913327555,3.535149169,5.404703424,4.794179857,4.674101428,-1.160986476,10.14972244,4711.995984,0.010452084,-0.175755508,NA,FSNS_daily_8,2,1,1,2,1
-0.141741582,22543,12.28092184,-2.302585093,9.562783477,0,5.20227029,0,3.183527556,2.417205283,3.267267502,-0.132024163,10.02317988,2853.703947,0.006598413,-0.191355621,NA,SHFLX_monthly_7,1,1,1,2,1
-0.143393414,21373,10.37061817,-2.302585093,-4.232714556,-15.66356993,-9.35056123,-12.94533825,-10.40717787,-11.740225,-10.91837582,0.031176379,9.969883722,7175.809339,0.021311216,-0.219415809,NA,BURDENSEASALT_monthly_3,2,2,1,2,2
-0.144609388,25306,10.54611937,8.862483576,11.32034282,-2.302585093,5.937298397,3.577349915,5.4089962,4.774827939,4.674845393,-1.136639062,10.1387968,4674.853061,0.010799184,-0.174696289,NA,FSNS_daily_7,2,2,1,2,2
0.368038108,3349,7.412305916,-2.302585093,-10.50057013,-46.86695628,-12.51432512,-28.1610644,-24.68809411,-26.59121597,-16.3017188,2.934085361,8.116417073,428.3846154,0.001506795,-0.219415819,NA,dst_a3_SRF_daily_1,1,1,1,2,1
-0.14339808,24917,54.03068886,-2.302585093,8.275596181,0,3.131284973,0,1.382107038,0,1.875459037,-0.58322483,10.12330558,8251.071429,0.009737107,-0.214877953,NA,UBOT_daily_10,1,1,1,2,1
-0.144758826,34700,10.9149778,-2.302585093,11.36244704,5.342423391,5.714223082,5.475210173,5.684900571,5.633106997,3.329521757,0,10.45449497,4052.245098,0.034543573,-0.208306456,NA,TSMN_monthly_2,3,1,3,3,3
-0.143538515,21878,10.40330527,-2.302585093,-4.410118762,-15.08533906,-9.295466388,-13.01004991,-10.40057684,-11.62035425,-10.97014276,-0.049791179,9.993236845,6653.148837,0.013742468,-0.219415809,NA,BURDENSEASALT_monthly_9,2,2,1,2,2
-0.144518249,31660,10.91755575,-2.302585093,11.36781528,5.399279146,5.752140358,5.561434281,5.691553772,5.642049693,3.041791141,0,10.36280933,2272.530973,0.021465774,-0.208366998,NA,TREFHTMX_daily_5,3,1,3,3,3
-0.144741327,31020,10.8539356,-2.302585093,11.70055267,4.481042162,6.154410662,5.290952187,5.954634147,5.737579854,4.629916027,0,10.34238744,6510.585139,0.022180477,-0.174276988,NA,FLDS_sixhourly_9,2,2,3,2,2
-0.064687511,4277,7.91918447,10.77565919,-14.28914333,-2.302585093,-18.3380957,-2.302585093,-2.302585093,-2.302585093,-21.13453341,2.067512493,8.361007108,1969.68,0.000225708,-0.21941582,NA,PRECSC_monthly_9,1,1,1,2,1
-0.144764146,28087,10.6058139,8.84101431,11.6210865,-2.302585093,6.136750608,4.222929378,5.780821714,5.33982044,4.953826904,0,10.24306211,4179.934673,0.00471545,-0.164825174,NA,FSNTOA_daily_9,2,2,1,2,2
-0.138263192,43424,10.91529738,-2.302585093,6.993974012,0.672018489,1.335828213,1.276621376,1.312635877,1.303943464,-1.066672148,0,10.67876756,6037.243902,0.016451787,-0.219198075,NA,TMCO2_OCN_monthly_5,3,1,3,3,3
-0.10495217,8145,8.808732951,10.72663176,4.562724282,-2.302585093,0.914431629,-2.302585093,-2.302585093,-2.302585093,-2.102274898,1.569278395,9.005159521,2077.467532,0.001807361,-0.219121314,NA,SNOWHICE_monthly_9,1,1,1,2,1
-0.140602125,25011,12.85415968,-2.302585093,9.118394941,0,5.020951769,1.243997849,3.020202376,2.462305468,3.130949988,-0.129455726,10.12707101,3239.888889,0.005737918,-0.195757268,NA,SHFLX_monthly_9,1,1,1,2,1
-0.139059917,26574,12.93947943,-2.302585093,9.141422862,0,5.053644446,-0.271252106,2.958690073,2.431011135,3.093937061,0.238415224,10.18768857,3198.748503,0.006880431,-0.196137994,NA,SHFLX_monthly_10,1,1,1,2,1
-0.14357157,25461,59.02453953,-2.302585093,8.197510033,0,3.079928618,0,1.415249616,0,1.887475858,-0.773921927,10.14490315,6973.910256,0.010012526,-0.214751487,NA,UBOT_daily_9,1,1,1,2,1
-0.143446906,25191,85.96063801,-2.302585093,8.092953849,0,3.147150079,0,1.378299515,0,1.847126436,-0.782257918,10.13424207,4939.904959,0.009504673,-0.214404277,NA,UBOT_daily_7,1,1,1,2,1
-0.1436233,25697,87.23923921,-2.302585093,7.873698745,0,3.107319993,0,1.420024705,0,1.868307721,-0.93920516,10.15412953,5336.340164,0.009193857,-0.214398716,NA,UBOT_daily_5,1,1,1,2,1
-0.144775342,27888,10.6050908,8.843759382,11.60648574,-2.302585093,6.13874627,4.189849706,5.786495423,5.332438051,4.955801698,0,10.23595177,4632.604255,0.004061974,-0.164716121,NA,FSNTOA_daily_8,2,2,1,2,2
-0.14458947,25665,10.54620419,8.882391706,11.31152035,-2.302585093,5.982010282,3.525263197,5.418008252,4.81139108,4.682754466,-1.183608926,10.15288347,3780.58209,0.009847183,-0.172651421,NA,FSNS_daily_2,2,1,1,2,1
-0.142492725,20249,10.28470075,-2.302585093,-4.316609242,-15.955307,-9.029382921,-13.06132907,-10.32902143,-11.82649509,-10.76963517,0.227193621,9.915860689,5071.215569,0.014408764,-0.219415806,NA,BURDENSEASALT_monthly_7,2,2,1,2,2
-0.140862307,14677,9.776889185,10.23383392,11.39654939,0,6.962509186,-2.302585093,5.092452338,-2.302585093,5.490413141,0.630998665,9.594036922,1639.694737,0.013570422,-0.094607521,NA,FSNS_daily_1,1,1,1,2,1
-0.144148752,34104,10.92020485,-2.302585093,15.60160379,9.863055293,9.942288725,9.898587554,9.929589542,9.925077367,6.112330623,0,10.43716996,2064.148936,0.029184609,-0.032494354,NA,Z050_daily_3,3,1,3,3,3
-0.128129801,18995,11.96944315,-2.302585093,9.396516865,0,5.832301849,0,2.783829124,2.240526506,3.291493943,1.089165309,9.851931066,2405.264,0.005277983,-0.174510765,NA,SHFLX_monthly_2,1,1,1,2,1
-0.144683936,31048,10.8557328,-2.302585093,11.70402435,4.508691416,6.183102503,5.314289011,5.959115614,5.738344781,4.621899668,0,10.34328967,6055.242857,0.020751737,-0.172951935,NA,FLDS_sixhourly_2,2,2,3,2,2
-0.129351075,24568,36.07473162,-2.302585093,3.801240755,0,0.243094342,0,-3.400468789,-6.12919858,-2.361930164,-1.846232249,10.10920006,680.4782609,0.002049315,-0.219173159,NA,TAUY_daily_8,1,1,1,2,1
-0.144514508,32440,10.91708507,-2.302585093,11.36702323,5.375619624,5.751197531,5.546687937,5.69055182,5.639358639,3.11082015,0,10.38714751,3295.087248,0.02245488,-0.207791473,NA,TS_daily_9,3,1,3,3,3
-0.144746963,28157,10.60658939,8.84101431,11.63452251,-2.302585093,6.137473126,4.199159723,5.768729776,5.33451429,4.945959961,0,10.24555127,4716.038793,0.00419523,-0.164785717,NA,FSNTOA_daily_10,2,2,1,2,2
-0.053236596,7487,8.659722669,10.71916205,4.303736473,-2.302585093,0.998304692,-2.302585093,-2.302585093,-2.302585093,-2.260345412,1.940459775,8.920923462,1823.855263,0.001727174,-0.219095547,NA,SNOWHICE_monthly_7,1,1,1,2,1
-0.14317325,29689,10.88006674,-2.302585093,10.25234292,1.464184291,5.260126671,4.117293253,4.512550439,4.387139304,3.081796118,-1.720194808,10.29853189,3364.053892,0.008077789,-0.197206305,NA,FLNSC_daily_9,2,2,3,2,2
1.146268042,3340,7.367002897,-2.302585093,-10.04456171,-37.6282965,-11.53994145,-27.31637424,-24.25651006,-26.19375154,-15.88075988,3.314126612,8.113726086,458,0.000516551,-0.219415819,NA,dst_a3_SRF_daily_4,1,1,1,2,1
-0.144388905,34144,10.92016373,-2.302585093,15.60260657,9.858745838,9.943218859,9.893915593,9.929931703,9.926688056,6.187526451,0,10.43834215,1945.978723,0.032003878,-0.020462841,NA,Z050_daily_10,3,1,3,3,3
-0.144732183,33355,10.66666533,8.607399459,11.87509616,-2.302585093,6.212449398,4.945257282,6.183626385,6.034680025,5.244490694,0,10.41496297,1109,0.015791382,-0.160532295,NA,SOLIN_monthly_1,2,2,1,2,2
-0.143055676,35383,10.91522873,-2.302585093,11.36467355,5.16624992,5.721655048,5.550870795,5.684199191,5.637921411,3.306616745,0,10.47398676,4080.037433,0.008432221,-0.204054891,NA,TSMN_monthly_9,3,1,3,3,3
-0.143522632,32477,10.90004813,-2.302585093,11.32427977,4.743538561,5.738067525,5.331267603,5.619343636,5.519004963,3.834055283,0,10.38828743,1911.632184,0.013213069,-0.196327971,NA,FLUTC_monthly_10,2,2,1,2,2
-0.143824114,21593,10.34085546,-2.302585093,-4.41777863,-15.3297362,-9.432943945,-13.45303596,-10.36669889,-11.81548608,-10.93689601,-0.095730111,9.980124467,6463.681373,0.022480909,-0.21941581,NA,BURDENSEASALT_monthly_4,2,2,1,2,2
-0.123880526,14565,10.14260184,-2.302585093,-6.889048527,-15.8040992,-10.70960534,-15.1516217,-13.3937312,-14.60499702,-13.00190613,1.320523504,9.586376669,2891.434783,0.013598087,-0.219415817,NA,BURDENSOA_monthly_5,2,2,1,2,2
-0.145037249,25059,10.51568174,8.894944461,5.531360389,-2.302585093,0,-2.241414298,-0.121285498,-0.961515873,-0.972820429,-1.533195431,10.12898832,6882.04712,0.040904547,-0.219297798,NA,CLDLOW_sixhourly_4,1,1,1,2,1
-0.144019114,24391,10.45745663,-2.302585093,-3.990420145,0,-9.04402901,-12.92954267,-9.984416711,-10.70035989,-10.59008944,-0.423371362,10.10196949,4602.837321,0.008519041,-0.219415805,NA,QFLX_monthly_6,1,1,1,2,1
-0.144523554,32408,10.91710734,-2.302585093,11.36686416,5.392952464,5.741379548,5.544822272,5.690440024,5.639178359,3.107575523,0,10.38616058,3350.083871,0.025909276,-0.208600053,NA,TS_daily_7,3,1,3,3,3
-0.142950408,28042,10.87955132,-2.302585093,10.19815035,0,5.252775404,4.097344054,4.504205672,4.333531668,3.064609876,-1.501896747,10.24145867,2416.885496,0.006201811,-0.19602788,NA,FLNSC_daily_1,2,2,1,2,2
-0.144759629,33120,10.66217445,8.658692754,11.82943044,-2.302585093,6.166469965,4.856937376,6.127781081,5.967285882,5.192824823,0,10.40789261,1108,0.025858307,-0.163178427,NA,SOLIN_monthly_7,2,2,1,2,2
-0.141283093,19814,10.29989012,-2.302585093,-4.147073282,-15.88187206,-8.690841327,-13.01657012,-10.28683357,-11.69361137,-10.70390792,0.372751541,9.894144038,4181.422819,0.008670507,-0.2194158,NA,BURDENSEASALT_monthly_8,2,2,1,2,2
-0.14202796,34602,10.89845619,-2.302585093,11.32982407,4.58997235,5.818918147,5.453782969,5.622768756,5.562910567,3.875426308,0,10.45166676,1720.179487,0.003040076,-0.191313002,NA,FLUTC_monthly_7,2,2,1,2,2
-0.14473348,30914,10.85418483,-2.302585093,11.70391237,4.49165297,6.17230344,5.289753426,5.95627545,5.743012578,4.630457584,0,10.33896443,6041.756184,0.021492546,-0.17338506,NA,FLDS_sixhourly_6,2,2,3,2,2
-0.144625126,31410,10.90283372,-2.302585093,11.33373242,4.954472945,5.735358537,5.290729024,5.612238357,5.505656756,3.773131293,0,10.35488159,2622.01626,0.028022573,-0.199609902,NA,FLUTC_monthly_1,2,2,3,2,2
-0.14293333,26249,110.4338285,-2.302585093,7.96291481,0,3.48193905,0,1.252783064,0,1.862412515,-1.158692208,10.17538317,3300.905882,0.005916254,-0.212598506,NA,UBOT_daily_1,1,1,1,2,1
-0.029942612,5816,8.227016224,10.72313522,-15.3178902,-2.302585093,-18.2234134,-2.302585093,-2.302585093,-2.302585093,-21.43108322,2.191421514,8.668368019,1321.666667,0.002807966,-0.21941582,NA,PRECSC_monthly_3,1,1,1,2,1
-0.144767484,27794,10.60447617,8.862483576,11.64160499,-2.302585093,6.141196999,4.214417353,5.789056811,5.325502724,4.956905312,0,10.23257545,4320.238095,0.004067958,-0.164581903,NA,FSNTOA_daily_7,2,2,1,2,2
-0.145074231,25464,10.51983917,8.843759382,5.55543834,-2.302585093,0,-2.245512555,-0.103233628,-0.904854453,-0.963374156,-1.765478826,10.14502097,6866.432796,0.040111638,-0.219297798,NA,CLDLOW_sixhourly_2,1,1,1,2,1
-0.144086581,25195,10.47839289,-2.302585093,-3.993313716,0,-9.110062877,-12.96293539,-9.985686764,-10.65984749,-10.60179255,-0.502953478,10.13440084,4621.244019,0.006797481,-0.219415805,NA,QFLX_monthly_7,1,1,1,2,1
9.200172302,3374,7.193782501,-2.302585093,-9.409991819,-36.99554603,-10.31688187,-27.27420599,-24.16299678,-26.00053718,-15.27713794,4.335495264,8.123854263,481.8333333,0.000207908,-0.219415816,NA,dst_a3_SRF_daily_2,1,1,1,2,1
-0.138298076,43452,10.9148543,-2.302585093,6.977941406,0.674265505,1.322209114,1.269857934,1.310877594,1.303098273,-1.032059181,0,10.67941216,6317.066406,0.01701544,-0.219204666,NA,TMCO2_OCN_monthly_9,3,1,3,3,3
-0.005679977,5596,8.277367784,10.73249778,-14.86032517,-2.302585093,-17.81410652,-2.302585093,-2.302585093,-2.302585093,-21.55476037,2.130003329,8.629807336,961.9444444,0.000699707,-0.21941582,NA,PRECSC_monthly_10,1,1,1,2,1
-0.141408203,21821,12.3901454,-2.302585093,9.493729304,0,5.130658928,0.466812279,3.133865653,2.439802383,3.266640892,-0.09703778,9.990628088,2776.043796,0.008073668,-0.192585129,NA,SHFLX_monthly_5,1,1,1,2,1
-0.145041361,25441,10.52278277,8.909775674,5.535528513,-2.302585093,0,-2.195120915,-0.123393119,-0.918303093,-0.976234674,-1.656528845,10.14411732,6715.522099,0.041066138,-0.219297798,NA,CLDLOW_sixhourly_6,1,1,1,2,1
-0.141912875,16503,9.891062339,10.22730867,11.69293775,-2.302585093,7.180083355,-2.302585093,5.67965068,-3.383861032,5.779862917,0.476656491,9.711297462,1777.724771,0.011672562,-0.06445144,NA,FSNTOA_daily_1,1,1,1,2,1
-0.144168828,31167,10.91818693,-2.302585093,11.37171703,5.468345768,5.760266912,5.597422631,5.698413192,5.65495298,2.935608537,0,10.34711512,3475.957746,0.017566506,-0.209930978,NA,TREFHTMX_monthly_2,3,1,3,3,3
-0.144593464,32521,10.91712245,-2.302585093,11.36637007,5.407410615,5.747971645,5.542766632,5.690278286,5.639171034,3.105735556,0,10.38964131,3401.163636,0.026246411,-0.208734781,NA,TS_daily_3,3,1,3,3,3
-0.144551128,31511,10.91758409,-2.302585093,11.36803294,5.418542892,5.756495984,5.562634784,5.691671828,5.642408321,3.037589219,0,10.35809197,2703.28125,0.022423801,-0.208712676,NA,TREFHTMX_daily_4,3,1,3,3,3
-0.14489285,28532,10.65153578,8.440312147,11.65135391,-2.302585093,6.044329288,4.787762009,5.916176706,5.499812688,4.984353718,0,10.25878154,1299.547945,0.012585479,-0.169644385,NA,FSNTOAC_monthly_5,2,2,1,2,2
-0.144688257,31341,10.85487581,-2.302585093,11.70436444,4.501830265,6.154697459,5.302270077,5.956643981,5.746447837,4.627263702,0,10.35268242,6737.355172,0.022522738,-0.174480023,NA,FLDS_sixhourly_3,2,2,3,2,2
-0.143925161,22617,10.41431446,-2.302585093,-4.480686545,-15.04012906,-9.479861625,-12.95435033,-10.37364359,-11.63869155,-10.9915211,-0.197684968,10.02645711,7157.104265,0.023447654,-0.219415811,NA,BURDENSEASALT_monthly_10,2,2,1,2,2
-0.143498725,35058,10.91547095,-2.302585093,11.36407847,5.215398887,5.713794644,5.531044774,5.682772464,5.633970034,3.284307555,0,10.46475911,4058.881356,0.010390851,-0.205379104,NA,TSMN_monthly_5,3,2,3,3,3
-0.142252086,35145,10.91529529,-2.302585093,11.36423076,5.164762955,5.726482663,5.58353348,5.68553091,5.641027518,3.301360388,0,10.46723764,3422.38125,0.004132067,-0.203849726,NA,TSMN_monthly_8,3,1,3,3,3
-0.144863172,32376,10.64217463,8.84101431,11.91019032,-2.302585093,6.247229844,4.749175191,6.166632354,5.955675676,5.251693103,0,10.38517269,1105.5,0.02369106,-0.158448269,NA,SOLIN_monthly_6,2,2,1,2,2
-0.126779822,12782,10.09072191,-2.302585093,-7.037595779,-15.85369156,-11.00619263,-15.51575338,-13.90443547,-14.88483757,-13.22824753,1.298701874,9.45579321,2387.6875,0.014591681,-0.219415818,NA,BURDENSOA_monthly_2,2,2,1,2,2
-0.142910785,31522,10.92035473,-2.302585093,17.19780296,11.46263841,11.56582555,11.51563714,11.52969848,11.52321531,7.268159833,0,10.35844099,960.1555556,0.008917361,1.000548014,NA,PSL_sixhourly_7,3,2,3,3,3
-0.138268013,43537,10.91517705,-2.302585093,6.990962097,0.668048046,1.335002685,1.276613428,1.313820625,1.304709693,-1.055560336,0,10.68136643,6148.139918,0.017165771,-0.219197529,NA,TMCO2_OCN_monthly_3,3,1,3,3,3
-0.144352629,34554,10.9201658,-2.302585093,15.60217371,9.863125861,9.942360399,9.894073383,9.929895347,9.926089328,6.183751248,0,10.4502786,2599.898551,0.036063957,-0.032478449,NA,Z050_daily_6,3,1,3,3,3
-0.143203187,29822,10.87985322,-2.302585093,10.27303706,0,5.176518634,4.130601143,4.514778691,4.382192465,3.078771489,-2.360726263,10.30300166,2469.34127,0.008890239,-0.198366707,NA,FLNSC_daily_6,2,2,1,2,2
-0.143453811,25684,60.67213277,-2.302585093,8.065523018,0,3.393075294,0,1.436967773,0,1.867035177,-0.826641212,10.15362351,5512.508961,0.007656679,-0.213924853,NA,UBOT_daily_8,1,1,1,2,1
-0.144906935,31269,10.68931406,-2.302585093,11.64377985,1.949340076,6.000178227,4.269180304,5.877919832,5.564038499,4.924125283,0,10.35038247,2395.96,0.040869785,-0.172623032,NA,FSNTOAC_monthly_3,2,2,3,2,2
0.25184418,4153,7.804406536,-2.302585093,-10.60506447,-31.5850278,-12.58871156,-27.69139398,-23.40229726,-26.53995363,-16.52079395,2.717213081,8.331586244,593.0454545,0.001002221,-0.219415819,NA,dst_a3_SRF_monthly_1,1,1,1,2,1
-0.144583554,22068,10.48129253,-2.302585093,1.506069048,-11.23617519,-3.838165812,-6.975609295,-4.443397661,-5.444436967,-5.142134638,-0.523914167,10.00188387,5258.917355,0.012731125,-0.21941328,NA,QBOT_daily_6,2,2,1,2,2
-0.14454755,32684,10.91702537,-2.302585093,11.36457004,5.38504234,5.772906984,5.540620944,5.688041171,5.636470308,3.117547056,0,10.39464094,2500.685039,0.020868001,-0.20721811,NA,TS_daily_1,3,1,3,3,3
-0.142581203,28416,108.233287,-2.302585093,7.708944161,0,3.03402553,0,1.082729318,-4.275971125,1.644120164,0,10.25470765,4240.891892,0.009538469,-0.214337178,NA,V850_daily_10,1,1,1,2,1
0.94329839,3550,7.591413543,-2.302585093,-10.35033146,-31.72009386,-11.79982982,-27.68373077,-21.97918968,-24.80499286,-16.13837096,3.168175085,8.174702882,447.5833333,0.00067495,-0.219415819,NA,dst_a3_SRF_monthly_9,1,1,1,2,1
0.6364236,4254,7.758517187,-2.302585093,-10.1505133,-32.76815703,-11.96741378,-27.38895949,-22.16890947,-25.16252938,-16.08350593,3.054250389,8.355614996,388.3333333,0.000836676,-0.219415819,NA,dst_a3_SRF_monthly_3,1,1,1,2,1
-0.141305039,33769,10.91742957,-2.302585093,11.38066935,5.352879806,5.783873446,5.618124274,5.705640133,5.675771323,3.079415352,0,10.4272985,2549.468254,0.00507159,-0.205984967,NA,TREFHTMX_monthly_8,3,1,3,3,3
-0.13099207,23813,29.61760119,-2.302585093,3.524906476,0,0.06962939,0,-3.455940772,-5.771370156,-2.402301961,0.298097864,10.07798693,1125.948276,0.00286846,-0.219216486,NA,TAUY_daily_2,1,1,1,2,1
0.004774617,3895,7.984883032,10.81562969,-14.70433373,-2.302585093,-17.93351456,-2.302585093,-2.302585093,-2.302585093,-21.65838273,2.116160052,8.267448958,1071.816327,0.000502469,-0.21941582,NA,PRECSC_monthly_6,1,1,1,2,1
-0.119046468,13015,10.03967789,-2.302585093,-7.004008919,-16.21308184,-10.84007927,-15.52745986,-13.91826099,-14.8993318,-13.19380613,1.470819773,9.473857817,2077.910256,0.013194872,-0.219415817,NA,BURDENSOA_monthly_1,2,2,1,2,2
3.947269211,3442,7.318686969,-2.302585093,-10.11664434,-38.29529886,-10.95127726,-27.26151966,-24.22666739,-26.12981428,-15.63028045,3.89389521,8.143807977,382.1818182,0.000266256,-0.219415818,NA,dst_a3_SRF_daily_3,1,1,1,2,1
-0.144589046,25670,10.54646486,8.84101431,11.2924166,-2.302585093,5.921019374,3.588895342,5.397769348,4.804026954,4.672880705,-1.117502687,10.15307827,4584.600806,0.011205521,-0.175418386,NA,FSNS_daily_9,2,2,1,2,2
-0.144707064,31126,10.85418048,-2.302585093,11.70094719,4.498140238,6.12825737,5.297384142,5.953945705,5.744127842,4.628894106,0,10.34579876,6719.447619,0.024237587,-0.175891084,NA,FLDS_sixhourly_4,2,2,3,2,2
-0.14413803,36864,10.73786411,7.860185057,11.79667405,-2.302585093,6.135874511,5.314476293,6.059290832,5.823221311,5.016297647,0,10.51499074,711,0.031656053,-0.16487298,NA,SOLIN_monthly_2,2,2,1,2,2
-0.144578055,34247,10.68739308,8.440312147,11.79702415,-2.302585093,6.135538799,5.002396697,6.070433264,5.993033864,5.127620903,0,10.44135425,1110,0.024154201,-0.164891288,NA,SOLIN_monthly_5,2,2,1,2,2
-0.142507798,33639,10.89811126,-2.302585093,11.32731701,4.608535641,5.789688649,5.396798561,5.623048434,5.535373604,3.873926112,0,10.42344139,1588.984848,0.006297812,-0.192675193,NA,FLUTC_monthly_9,2,2,1,2,2
-0.144565616,25340,10.54479962,8.84101431,11.30618272,-2.302585093,5.926556654,3.542126714,5.377510162,4.774305257,4.663938558,-1.065526802,10.14013945,4801.075472,0.010510956,-0.175174084,NA,FSNS_daily_10,2,1,1,2,1
-0.143570594,32611,10.89947755,-2.302585093,11.33799564,4.69594357,5.773101573,5.318242375,5.618633321,5.511623381,3.844685294,0,10.39240493,1591.373333,0.01127917,-0.19439155,NA,FLUTC_monthly_4,2,2,1,2,2
-0.144383715,34255,10.92017462,-2.302585093,15.60199041,9.864879698,9.943155319,9.894404187,9.930083103,9.926187375,6.168631328,0,10.44158782,2486.30137,0.036722551,-0.034506483,NA,Z050_daily_7,3,1,3,3,3
-0.1432556,26206,79.9833752,-2.302585093,7.865922479,0,3.207364356,0,1.2255049,0,1.805711437,-1.161362927,10.17374367,3520.311377,0.00866944,-0.21385322,NA,UBOT_daily_3,1,1,1,2,1
-0.144387605,34137,10.92016807,-2.302585093,15.60237975,9.860751802,9.94233823,9.894179942,9.93001587,9.926551553,6.180085194,0,10.43813712,2564.57377,0.033193864,-0.027157106,NA,Z050_daily_9,3,1,3,3,3
-0.143283282,31898,10.92036194,-2.302585093,17.19838121,11.46931622,11.56213362,11.51500293,11.52974037,11.52319737,7.230650403,0,10.37029859,1411.355932,0.007704952,0.879494788,NA,PSL_sixhourly_1,3,1,3,3,3
-0.14472843,31121,10.85401778,-2.302585093,11.70183398,4.428818081,6.128086081,5.28622804,5.953203601,5.740963817,4.629269173,0,10.34563811,6998.134615,0.023253486,-0.175190148,NA,FLDS_sixhourly_8,2,2,3,2,2
-0.141853453,27997,102.7980972,-2.302585093,7.941979752,0,3.273520978,0,1.058274525,0,1.735553752,-3.179548136,10.23985264,2077.287234,0.006165334,-0.212772428,NA,V850_daily_7,1,1,1,2,1
0.537780912,4319,7.851325867,-2.302585093,-10.48376527,-33.35003921,-12.30037171,-27.70697399,-22.76744129,-25.19939883,-16.37075317,2.944408828,8.370779173,421.6875,0.000763476,-0.219415819,NA,dst_a3_SRF_monthly_2,1,1,1,2,1
-0.106837443,9121,8.970053061,10.72667567,4.730908446,-2.302585093,0.963927466,-2.302585093,-2.302585093,-2.302585093,-2.010514671,1.480595895,9.118334726,2356.270588,0.003091791,-0.21910637,NA,SNOWHICE_monthly_4,1,1,1,2,1
-0.116711633,9451,8.986453553,10.71913994,4.929997752,-2.302585093,0.960180191,-2.302585093,-2.302585093,-2.302585093,-1.910103911,1.391906049,9.153875835,2920.177083,0.002915285,-0.219107528,NA,SNOWHICE_monthly_3,1,1,1,2,1
-0.079188377,4212,7.954573809,10.7828238,-14.55800319,-2.302585093,-18.86505522,-2.302585093,-2.302585093,-2.302585093,-21.53804451,1.97624847,8.345692873,1439.361111,0.002117767,-0.21941582,NA,PRECSC_monthly_5,1,1,1,2,1
-0.144601858,25466,10.53805359,8.881836305,11.31773452,-2.302585093,5.941739028,3.510033933,5.404742488,4.770818324,4.689940457,-1.064103108,10.14509951,4803.136929,0.011706433,-0.174497265,NA,FSNS_daily_5,1,1,1,2,1
-0.143154637,31720,10.9178845,-2.302585093,11.37319958,5.41009588,5.7581976,5.607846224,5.700023511,5.659903312,2.995724735,0,10.36470268,2517.99115,0.012068214,-0.208425202,NA,TREFHTMX_monthly_3,3,1,3,3,3
-0.126294476,15554,10.13446363,-2.302585093,-6.5036175,-16.24941092,-10.3225301,-15.33188041,-12.91134229,-14.04538136,-12.63337577,1.18643962,9.652073119,2105.647059,0.014880823,-0.219415816,NA,BURDENSOA_monthly_7,2,2,1,2,2
-0.144731699,30994,10.85462456,-2.302585093,11.70370685,4.542174013,6.16251756,5.295220593,5.956140167,5.743518235,4.628551076,0,10.34154892,6374.125806,0.022782375,-0.174481859,NA,FLDS_sixhourly_10,2,2,3,2,2
-0.143670939,24830,10.3750362,-2.302585093,-4.190445631,0,-8.786518595,-14.2748783,-9.987193328,-10.87987178,-10.58623928,-0.317383219,10.11980788,4131.867725,0.016395979,-0.219415801,NA,QFLX_monthly_2,1,1,1,2,1
-0.143325713,26623,100.6057564,-2.302585093,7.890229231,0,3.285502333,0,1.250816005,0,1.807505679,-1.467960901,10.18953078,3702.615789,0.006848055,-0.213779547,NA,UBOT_daily_2,1,1,1,2,1
-0.143924182,34546,10.91518798,-2.302585093,11.36316025,5.274804335,5.718543797,5.510219194,5.681411501,5.633990814,3.309178862,0,10.45004705,4926.15534,0.017691774,-0.206538607,NA,TSMN_monthly_10,3,2,3,3,3
-0.141692691,21323,12.08838854,-2.302585093,9.633283227,0,5.177304079,0.182404816,3.228807913,2.381756585,3.300637911,-0.045461038,9.967541581,2823.943262,0.008058353,-0.192108331,NA,SHFLX_monthly_6,1,1,1,2,1
-0.142903313,31561,10.92035648,-2.302585093,17.19759241,11.46128639,11.56501427,11.515742,11.52957309,11.52330129,7.259265831,0,10.35967746,765.53125,0.009316371,1.005621096,NA,PSL_sixhourly_6,3,2,3,3,3
-0.144647355,30816,10.78645727,-2.302585093,11.74371472,2.814660851,6.083836914,5.120748976,6.001029141,5.732552398,4.883087212,0,10.33578931,1078.5,0.038081644,-0.169608161,NA,SOLIN_monthly_3,2,2,3,2,2
-0.113814883,16230,10.14644977,-2.302585093,-6.429799845,-16.46156946,-10.09161469,-15.27571303,-12.82161086,-14.04504631,-12.60539822,1.41689382,9.694616661,1400.919355,0.012813635,-0.219415815,NA,BURDENSOA_monthly_8,2,2,1,2,2
-0.144551761,21935,10.48173782,-2.302585093,1.509622938,-11.50991414,-3.839766422,-6.984123138,-4.440956026,-5.403276709,-5.14127762,-0.506323322,9.995838814,5019.061947,0.013802972,-0.219413284,NA,QBOT_daily_8,2,2,1,2,2
-0.138344431,43263,10.91502848,-2.302585093,6.994570184,0.669791673,1.335831284,1.273383879,1.313845762,1.304626845,-1.042665857,0,10.67505305,6094.925781,0.016856299,-0.219197559,NA,TMCO2_OCN_monthly_4,3,1,3,3,3
-0.138299082,43538,10.91497275,-2.302585093,6.976164164,0.670629947,1.327019216,1.270013348,1.310242416,1.302834601,-1.042239406,0,10.6813894,6115.792829,0.016926043,-0.219201691,NA,TMCO2_OCN_monthly_10,3,1,3,3,3
-0.122877727,13490,10.02106762,-2.302585093,-6.849005754,-16.59847937,-10.5585727,-15.14040053,-13.54171581,-14.60896402,-12.8949048,1.392633104,9.509703949,2336.376623,0.014341066,-0.219415817,NA,BURDENSOA_monthly_10,2,2,1,2,2
-0.144304155,25273,10.44728054,-2.302585093,-4.085824724,0,-9.013465056,-13.32043307,-10.01167877,-10.7478002,-10.64314764,-0.613382915,10.13749191,4471.456853,0.008787993,-0.219415805,NA,QFLX_monthly_4,1,1,1,2,1
-0.124182286,13464,10.15268327,-2.302585093,-7.036072274,-15.68766211,-10.83355061,-15.33698514,-13.72992602,-14.71741264,-13.18443257,1.338349827,9.507774736,2298.56962,0.012036612,-0.219415817,NA,BURDENSOA_monthly_4,2,2,1,2,2
-0.142111097,33715,10.89884177,-2.302585093,11.33209628,4.612188651,5.836806397,5.431352103,5.622346209,5.550301558,3.864146978,0,10.42569812,1610.68,0.003516742,-0.190857098,NA,FLUTC_monthly_6,2,2,1,2,2
-0.142730082,32857,10.90124252,-2.302585093,11.32503263,4.671668422,5.763974826,5.383668997,5.620407749,5.52933968,3.807519804,0,10.39992009,1647.445946,0.006084053,-0.19442637,NA,FLUTC_monthly_5,2,2,1,2,2
-0.144537597,22121,10.47762393,-2.302585093,1.52411642,-10.26344755,-3.889888912,-7.040829549,-4.443532386,-5.414624629,-5.136095663,-0.495080234,10.00428266,5931.472603,0.01658635,-0.219413411,NA,QBOT_daily_2,2,2,1,2,2
-0.145056121,25557,10.52548499,8.977903774,5.66009978,-2.302585093,0,-2.150884092,-0.113223057,-0.899690604,-0.972474638,-1.782973441,10.14866653,6189.439169,0.039953876,-0.219297798,NA,CLDLOW_sixhourly_10,1,1,1,2,1
4.066638958,3257,7.252937043,-2.302585093,-10.110778,-36.97653484,-11.12891059,-27.50572441,-24.34201921,-26.30437985,-15.75980427,3.91823858,8.088561805,469.1428571,0.000358659,-0.219415818,NA,dst_a3_SRF_daily_6,1,1,1,2,1
-0.144305727,31958,10.89984199,-2.302585093,11.34211036,4.823450245,5.755384437,5.287157379,5.618068086,5.505496485,3.841711139,0,10.37217782,1772.962963,0.018096489,-0.19681547,NA,FLUTC_monthly_3,2,2,3,2,2
-0.138249199,43412,10.91510277,-2.302585093,6.981791706,0.674960017,1.322382017,1.274193378,1.313145616,1.303892333,-1.051420395,0,10.67849118,6381.449799,0.017049184,-0.219204751,NA,TMCO2_OCN_monthly_6,3,1,3,3,3
-0.138178247,43739,10.91514754,-2.302585093,6.978318679,0.652031257,1.331803271,1.277028024,1.311887819,1.304290211,-1.054687118,0,10.68599543,6230.827309,0.017075182,-0.219195304,NA,TMCO2_OCN_monthly_2,3,1,3,3,3
-0.143631928,29453,10.88173614,-2.302585093,10.26746337,2.322915449,5.242734473,4.118821528,4.515444641,4.378369289,3.056286438,-2.863883387,10.29055105,3403.539773,0.006874843,-0.198292165,NA,FLNSC_daily_4,2,2,3,2,2
-0.130796052,25841,42.5193114,-2.302585093,3.859023906,0,0.048994003,0,-3.360155288,-5.77734767,-2.310318779,0,10.15971766,1126.771429,0.003373187,-0.219201827,NA,TAUY_daily_6,1,1,1,2,1
-0.144774327,27524,10.60002669,8.881836305,11.64226294,-2.302585093,6.145351302,4.174761862,5.791609792,5.314983776,4.966992799,0,10.22281363,4495.088785,0.00434494,-0.164353632,NA,FSNTOA_daily_5,2,2,1,2,2
-0.121817131,21176,29.11282684,-2.302585093,3.481566053,0,0.251175513,0,-3.63581089,-6.52778553,-2.291204485,0.509422144,9.960623744,920.7878788,0.002209689,-0.219134485,NA,TAUY_daily_1,1,1,1,2,1
-0.143195977,19857,10.27333165,-2.302585093,-4.188783938,-15.90651885,-9.035845334,-13.25359448,-10.28595165,-11.84465418,-10.77482912,0.101390252,9.896311869,5719.517949,0.01339619,-0.219415806,NA,BURDENSEASALT_monthly_6,2,2,1,2,2
-0.144477875,31865,10.91755253,-2.302585093,11.36702597,5.406924042,5.73965631,5.561514531,5.691760039,5.642980075,3.042453958,0,10.36926351,2587.432,0.024154946,-0.209028418,NA,TREFHTMX_daily_7,3,1,3,3,3
-0.141518414,22074,10.39373129,-2.302585093,-4.442338246,-16.40202247,-9.149944485,-12.67207019,-10.48319567,-11.52324778,-10.88180026,0.353384322,10.00215572,6439.70354,0.021206283,-0.219415807,NA,BURDENSEASALT_monthly_1,2,2,1,2,2
-0.142943033,30287,10.92035234,-2.302585093,17.19710987,11.47163404,11.57229879,11.51597922,11.53032313,11.52326085,7.280683227,0,10.31847386,838.6222222,0.009806162,0.979941267,NA,PSL_sixhourly_10,3,2,3,3,3
-0.145040966,25513,10.52634099,8.935113741,5.530015221,-2.302585093,0,-2.203058326,-0.128772218,-0.904595576,-0.978259902,-1.749140526,10.14694341,6902.553073,0.042170953,-0.219297798,NA,CLDLOW_sixhourly_7,1,1,1,2,1
2.038652116,3457,7.439826004,-2.302585093,-9.676351367,-32.93387549,-10.96723052,-27.06423769,-22.03921054,-24.55694947,-15.50577784,3.535950764,8.14815644,439.8461538,0.000526652,-0.219415818,NA,dst_a3_SRF_monthly_6,1,1,1,2,1
1.962555773,4068,7.707641651,-2.302585093,-10.2740604,-31.77175459,-12.00079838,-27.57706148,-22.3350036,-25.08371599,-16.41482075,3.534598028,8.310906757,414.4444444,0.000585326,-0.219415819,NA,dst_a3_SRF_monthly_10,1,1,1,2,1
-0.14105005,24455,12.53260747,-2.302585093,9.392728026,0,5.29335175,-0.436499137,3.110760464,2.501033397,3.154520021,-0.178187315,10.10458997,3749.325444,0.004804492,-0.19059934,NA,SHFLX_monthly_4,1,1,1,2,1
-0.144554374,32485,10.91712211,-2.302585093,11.36639912,5.378384112,5.742942738,5.545163929,5.690024788,5.639380283,3.105473789,0,10.38853372,2759.65493,0.023733257,-0.208167273,NA,TS_daily_5,3,1,3,3,3
-0.144625278,25519,10.54299581,8.881836305,11.3220803,-2.302585093,5.93497751,3.565309059,5.403785865,4.782079901,4.680404633,-1.135398136,10.14717855,4744.48,0.009942417,-0.174799958,NA,FSNS_daily_6,2,2,1,2,2
-0.142925477,29525,10.88103873,-2.302585093,10.25200574,2.674994102,5.288587106,4.115857242,4.508330731,4.37571254,3.06807172,-1.472453034,10.29299264,3801.77957,0.007820663,-0.197752832,NA,FLNSC_daily_3,2,2,3,2,2
-0.144155178,25070,10.48039945,-2.302585093,-4.068811528,0,-9.16227981,-12.75922688,-10.03099775,-10.73738965,-10.67111685,-0.535129598,10.12942719,5408.929577,0.007401495,-0.219415807,NA,QFLX_monthly_8,1,1,1,2,1
1.115294269,3235,7.343610421,-2.302585093,-10.28973424,-41.60101469,-11.55643784,-27.58603038,-24.09875227,-26.47878662,-15.92647237,3.260694583,8.081784207,407.6,0.000412308,-0.219415819,NA,dst_a3_SRF_daily_10,1,1,1,2,1
-0.136700459,25263,43.43365401,-2.302585093,3.638002049,0,-0.31843813,0,-3.333482326,-6.134838858,-2.475308079,0,10.13709615,1638.473684,0.00279511,-0.219258065,NA,TAUY_daily_10,1,1,1,2,1
-0.145089485,25474,10.51973767,8.822469572,5.661959993,-2.302585093,0,-2.250746647,-0.085796305,-0.906864368,-0.958195078,-1.799292912,10.1454136,5261.890034,0.040696352,-0.219297798,NA,CLDLOW_sixhourly_1,1,1,1,2,1
12.42511311,3265,7.050672365,-2.302585093,-10.11273637,-38.34802634,-10.4072826,-27.68158015,-24.2055997,-26.39405538,-15.46209891,4.502953113,8.091015042,453.3333333,0.000188113,-0.219415816,NA,dst_a3_SRF_daily_8,1,1,1,2,1
-0.144529333,31574,10.91758931,-2.302585093,11.36756472,5.426451645,5.744428965,5.562145198,5.691447881,5.642516804,3.036627534,0,10.36008928,2906.401361,0.02617778,-0.20937171,NA,TREFHTMX_daily_2,3,1,3,3,3
-0.14320198,31315,10.92036145,-2.302585093,17.19854146,11.46362369,11.56289849,11.51517387,11.52966445,11.52293914,7.233289201,0,10.35185249,1032.607843,0.007725712,0.953115338,NA,PSL_sixhourly_2,3,1,3,3,3
-0.144526538,32383,10.91711976,-2.302585093,11.36664967,5.383534067,5.738192059,5.545360682,5.690285658,5.639375455,3.105793367,0,10.38538887,2955.686667,0.025241979,-0.208473814,NA,TS_daily_6,3,1,3,3,3
-0.144775664,27880,10.6008383,8.881836305,11.64514718,-2.302585093,6.148012254,4.180611521,5.797829007,5.338688576,4.970913555,0,10.23566486,4485.085586,0.003779529,-0.164206919,NA,FSNTOA_daily_4,2,2,1,2,2
4.964362778,3399,7.289475993,-2.302585093,-10.00850239,-38.09155231,-11.0503419,-27.56193091,-24.25296131,-26.3363628,-15.86256513,3.958749205,8.13123655,426.7142857,0.000202215,-0.219415818,NA,dst_a3_SRF_daily_7,1,1,1,2,1
-0.142287458,28147,202.6003117,-2.302585093,8.04966442,0,3.210371519,0,1.103695426,-3.55562738,1.745909349,-5.460616915,10.24519606,3157.474453,0.008893468,-0.213676968,NA,V850_daily_6,1,1,1,2,1
-0.14454756,22357,10.48097047,-2.302585093,1.517546006,-10.13851636,-3.892735624,-7.021595933,-4.449590929,-5.410056416,-5.141323649,-0.510375334,10.01489475,5941.164122,0.016095909,-0.219413418,NA,QBOT_daily_3,2,2,1,2,2
-0.14433195,31073,10.91834545,-2.302585093,11.37093469,5.456861067,5.756495984,5.597393666,5.696515815,5.654276875,2.899783819,0,10.34409455,2867.185484,0.01898148,-0.209752492,NA,TREFHTMX_monthly_1,3,1,3,3,3
-0.143458972,25232,71.57777655,-2.302585093,7.987940862,0,3.214558581,0,1.453603085,0,1.865881354,-0.735663797,10.13586831,6975.009585,0.009284904,-0.214541825,NA,UBOT_daily_6,1,1,1,2,1
-0.100765664,9006,8.95778963,10.72187876,4.752774989,-2.302585093,0.986865845,-2.302585093,-2.302585093,-2.302585093,-2.034277161,1.544516723,9.105646301,1989.836735,0.00311274,-0.21909919,NA,SNOWHICE_monthly_5,1,1,1,2,1
-0.119377762,9385,8.977335596,10.71254936,4.926634112,-2.302585093,0.948733265,-2.302585093,-2.302585093,-2.302585093,-1.889797314,1.364759321,9.146867949,3024.685714,0.00265681,-0.219111037,NA,SNOWHICE_monthly_2,1,1,1,2,1
-0.144090862,24848,10.46769526,-2.302585093,-4.011589147,0,-8.920549322,-12.93967308,-10.04269202,-10.74718578,-10.66117938,-0.507915324,10.12053255,4165.712707,0.006745019,-0.219415804,NA,QFLX_monthly_5,1,1,1,2,1
-0.144563676,32390,10.91733591,-2.302585093,11.36087814,5.406527958,5.728340205,5.544563119,5.685181539,5.635137334,3.070172868,0,10.38560501,3365.728916,0.027439428,-0.209430955,NA,TREFHTMX_daily_1,3,1,3,3,3
-0.142178442,34576,10.91565469,-2.302585093,11.3631453,5.180833196,5.72295241,5.594512542,5.685063129,5.640763577,3.268413917,0,10.45091508,3472.949367,0.00309503,-0.204311948,NA,TSMN_monthly_7,1,1,3,3,1
-0.066072045,4989,8.108809424,10.75149944,-14.50708483,-2.302585093,-18.24251872,-2.302585093,-2.302585093,-2.302585093,-21.32168618,2.035759339,8.514990768,1640.855072,0.001541895,-0.21941582,NA,PRECSC_monthly_4,1,1,1,2,1
-0.129997833,24658,36.74739949,-2.302585093,3.752981669,0,0.055749016,0,-3.404784392,-6.023759442,-2.337336225,-0.698811544,10.11285667,548.3684211,0.002282193,-0.219162497,NA,TAUY_daily_3,1,1,1,2,1
-0.143701944,20592,10.33204921,-2.302585093,-4.344935045,-15.54232999,-9.615888964,-13.24300328,-10.54081717,-11.88009848,-11.02263054,0.003330728,9.93265793,7722.447471,0.028055448,-0.219415812,NA,BURDENSEASALT_monthly_5,2,2,1,2,2
-0.143114212,30073,10.87983655,-2.302585093,10.25230097,-0.332231537,5.20516426,4.115899227,4.512035083,4.3849315,3.079511283,-1.952479601,10.31138304,2755.263158,0.00838132,-0.197995679,NA,FLNSC_daily_8,2,2,1,2,2
-0.144164072,31104,10.76530742,7.043159916,11.75564556,-2.302585093,6.095131284,5.325843797,6.015665241,5.75742983,4.918928541,0,10.34509171,699.5,0.036805575,-0.167050569,NA,SOLIN_monthly_10,2,2,1,2,2
-0.143083593,32169,10.92035892,-2.302585093,17.19903273,11.46245215,11.56400505,11.51489916,11.52976756,11.52286748,7.246506388,0,10.37875853,1000.547619,0.007995804,0.98000581,NA,PSL_sixhourly_3,3,1,3,3,3
-0.142098203,34839,10.89680129,-2.302585093,11.33670647,4.565817836,5.831980827,5.424348291,5.625916715,5.556450055,3.905575686,0,10.45849273,1364.237288,0.003586314,-0.190513246,NA,FLUTC_monthly_8,2,2,1,2,2
-0.141364331,33725,10.91770428,-2.302585093,11.37946491,5.367181303,5.767612928,5.616337349,5.702344317,5.672591626,3.030900061,0,10.42599468,2774.661654,0.005547382,-0.206962728,NA,TREFHTMX_monthly_9,3,1,3,3,3
-0.142174504,27840,183.4854304,-2.302585093,8.186141989,0,3.412353122,0,1.21552516,0,1.801488872,-2.398524404,10.23422911,4484.917098,0.009752108,-0.212965526,NA,V850_daily_1,1,1,1,2,1
-0.144771083,31687,10.70438296,-2.302585093,11.62158814,0.91607928,5.980324232,4.638944921,5.850629083,5.556960315,4.876994834,0,10.36366178,2341.882979,0.031022181,-0.173025193,NA,FSNTOAC_monthly_9,2,2,3,2,2
-0.142524059,27977,112.4429755,-2.302585093,7.826405347,0,3.025038292,0,1.038201618,0,1.668349207,0,10.23913802,3341.598592,0.007167092,-0.213945315,NA,V850_daily_8,1,1,1,2,1
-0.142679679,27652,158.7368229,-2.302585093,7.880787586,0,2.918587671,0,1.110114077,0,1.703201946,0,10.22745334,4674.102041,0.011223847,-0.214016042,NA,V850_daily_4,1,1,1,2,1
-0.144179035,36501,10.73212792,7.965545573,11.75211122,-2.302585093,6.091445959,5.232142681,6.015698807,5.78743953,4.984988749,0,10.50509494,1106,0.013606753,-0.167243197,NA,SOLIN_monthly_8,2,2,1,2,2
-0.144551734,31525,10.91760559,-2.302585093,11.36769533,5.426530372,5.747614193,5.562358544,5.691542676,5.64279969,3.034072364,0,10.35853616,3071.671233,0.024670129,-0.209256179,NA,TREFHTMX_daily_3,3,1,3,3,3
-0.144001294,34012,10.92021108,-2.302585093,15.60183616,9.862912415,9.94239196,9.89988902,9.929711885,9.924782823,6.100105052,0,10.43446868,2457.539683,0.025545552,-0.031917155,NA,Z050_daily_2,3,1,3,3,3
-0.144990013,30333,10.66102768,7.860185057,11.69040414,-2.302585093,6.0508734,4.513134103,5.947162846,5.637306422,5.009688762,0,10.31999151,1969.515152,0.027182942,-0.169317607,NA,FSNTOAC_monthly_2,2,2,1,2,2
-0.142909513,32393,10.92035606,-2.302585093,17.19806539,11.46058681,11.5657779,11.51514043,11.52964708,11.52333156,7.261213749,0,10.38569763,858.212766,0.008575963,1.022957355,NA,PSL_sixhourly_5,3,1,3,3,3
0.930579249,3321,7.426090955,-2.302585093,-10.06435324,-32.68720533,-11.6528743,-27.96890477,-22.26238955,-24.41275619,-15.9553382,3.192016777,8.108021221,460,0.000733089,-0.219415819,NA,dst_a3_SRF_monthly_8,1,1,1,2,1
-0.144566648,22082,10.48272795,-2.302585093,1.520371149,-10.77782791,-3.851902773,-6.993805528,-4.440641977,-5.432116746,-5.143195742,-0.514720828,10.00251808,5165.333333,0.013641239,-0.219413315,NA,QBOT_daily_7,2,2,1,2,2
-0.14295273,30974,10.92035853,-2.302585093,17.1991745,11.46204327,11.56477879,11.51520133,11.52976278,11.52305802,7.24873892,0,10.34090342,1008.04,0.008677159,0.994207122,NA,PSL_sixhourly_4,3,2,3,3,3
-0.094605064,8560,8.893456734,10.71685923,4.739190469,-2.302585093,1.010545331,-2.302585093,-2.302585093,-2.302585093,-2.058365143,1.613412252,9.054855469,1721.558442,0.002730904,-0.219091603,NA,SNOWHICE_monthly_6,1,1,1,2,1
-0.119354012,19545,12.10265215,-2.302585093,9.423101025,0,6.036899786,0,2.713100911,2.107428296,3.347372607,1.291835639,9.880474778,1732.090909,0.004833631,-0.164453901,NA,SHFLX_monthly_1,1,1,1,2,1
-0.138181073,43532,10.91505649,-2.302585093,6.978537712,0.675405324,1.326340878,1.272654613,1.309716555,1.300370676,-1.049388641,0,10.68125158,5931.631579,0.016278376,-0.219203097,NA,TMCO2_OCN_monthly_8,3,1,3,3,3
-0.144398001,31896,10.91754079,-2.302585093,11.36738397,5.398294567,5.748619834,5.564926466,5.69135063,5.642202734,3.044234176,0,10.37023589,2914.291667,0.022082303,-0.208471896,NA,TREFHTMX_daily_10,3,1,3,3,3
-0.119530765,8684,8.929031926,10.72478605,4.630620731,-2.302585093,0.943827665,-2.302585093,-2.302585093,-2.302585093,-1.960204423,1.347325705,9.069237531,2728.203704,0.002085796,-0.219112528,NA,SNOWHICE_monthly_10,1,1,1,2,1
-0.144598804,32078,10.6944869,7.965545573,11.63030438,-2.302585093,6.005772857,4.894608004,5.863843021,5.615992374,4.900851093,0,10.37592572,1730.232877,0.01176816,-0.17152687,NA,FSNTOAC_monthly_8,2,2,1,2,2
-0.143924053,34045,10.92021186,-2.302585093,15.6021475,9.862996314,9.943458623,9.900465094,9.929829433,9.924633439,6.098680199,0,10.43543846,2552.050847,0.022824084,-0.029488263,NA,Z050_daily_1,3,1,3,3,3
-0.144313105,34635,10.92017157,-2.302585093,15.60209662,9.862862784,9.941471962,9.894696337,9.929738235,9.925734819,6.173711049,0,10.45262001,2635.777778,0.035443814,-0.034061367,NA,Z050_daily_5,3,1,3,3,3
-0.144527438,32446,10.91710056,-2.302585093,11.36696144,5.374129807,5.747713693,5.546026063,5.690528369,5.639348657,3.108663664,0,10.38733245,3007.552632,0.022649119,-0.207882624,NA,TS_daily_8,3,1,3,3,3
-0.115117663,9422,8.990797607,10.70584782,4.626166571,-2.302585093,0.937225888,-2.302585093,-2.302585093,-2.302585093,-1.969550138,1.411432365,9.150802659,2948.260417,0.002475248,-0.219114524,NA,SNOWHICE_monthly_1,1,1,1,2,1
-0.145041881,25384,10.52057488,8.954286157,5.661959993,-2.302585093,0,-2.200847598,-0.121430906,-0.924831627,-0.975117379,-1.659305657,10.14187433,6112.297059,0.04109323,-0.219297798,NA,CLDLOW_sixhourly_9,1,1,1,2,1
-0.138377415,43475,10.91513329,-2.302585093,6.990107948,0.656082749,1.341598994,1.275998049,1.314272497,1.303931491,-1.051110863,0,10.67994134,6029.995763,0.01708427,-0.219191823,NA,TMCO2_OCN_monthly_1,3,1,3,3,3
-0.143311783,26007,566.7480279,-2.302585093,7.889299823,0,3.313779275,0,1.337549291,0,1.848570072,-0.843687741,10.16612101,3088.547771,0.008868275,-0.213406078,NA,UBOT_daily_4,1,1,1,2,1
0.282686376,4834,7.986225178,-2.302585093,-10.00228679,-32.57000548,-12.09486389,-27.32284267,-21.33441443,-23.82673624,-15.92564675,2.755115814,8.483429561,461.7857143,0.001233538,-0.219415819,NA,dst_a3_SRF_monthly_4,1,1,1,2,1
-0.14348373,29700,10.88114661,-2.302585093,10.2702826,0,5.12679737,4.127010046,4.516989635,4.383559254,3.064423706,-2.856981393,10.29890232,2488.451613,0.007935807,-0.198970287,NA,FLNSC_daily_5,2,2,1,2,2
-0.141506309,33207,10.91770141,-2.302585093,11.37997069,5.37609569,5.781291552,5.61617816,5.704844507,5.676348526,3.034176504,0,10.41051598,2924.540323,0.006381523,-0.206669374,NA,TREFHTMX_monthly_6,3,1,3,3,3
-0.144334193,24963,10.43240938,-2.302585093,-4.17344842,0,-8.984021818,-13.57801776,-9.996891209,-10.81001986,-10.64630775,-0.638684556,10.12515001,4443.536946,0.014978144,-0.219415805,NA,QFLX_monthly_3,1,1,1,2,1
-0.142503231,34464,10.91568508,-2.302585093,11.36392266,5.197298287,5.715276126,5.578292856,5.683949102,5.637347625,3.264120477,0,10.44767058,3669.079755,0.004493708,-0.204936366,NA,TSMN_monthly_6,3,1,3,3,3
-0.144119379,31146,10.75977414,7.272398393,11.74730571,-2.302585093,6.086132958,5.411096772,6.007142716,5.753233344,4.920671533,0,10.34644111,1081,0.000420077,-0.167519655,NA,SOLIN_monthly_4,2,2,1,2,2
-0.143247715,30028,10.87980947,-2.302585093,10.26024796,2.503625347,5.170579185,4.121471785,4.513071825,4.379032579,3.07487852,-2.533082853,10.30988556,3928.026882,0.01025708,-0.200085069,NA,FLNSC_daily_7,2,2,3,2,2
19.5273569,2987,6.727499689,-2.302585093,-9.11827163,-37.93908219,-9.651587728,-27.66493972,-24.08842615,-26.41730205,-14.81652381,4.798604069,8.002024818,1144.5,0.000162026,-0.219415812,NA,dst_a3_SRF_daily_9,1,1,1,2,1
-0.144759046,27838,10.60136034,8.882391706,11.63874615,-2.302585093,6.191062807,4.15745113,5.797551926,5.337150042,4.968951777,0,10.23415727,3740.778351,0.004106075,-0.161778243,NA,FSNTOA_daily_2,2,2,1,2,2
-0.141554803,33202,10.91765646,-2.302585093,11.38008521,5.375770594,5.789675673,5.618704292,5.705687372,5.676135317,3.044154006,0,10.41036539,2727.835821,0.005866501,-0.206338956,NA,TREFHTMX_monthly_7,3,1,3,3,3
-0.120842268,15494,10.14835946,-2.302585093,-6.659803635,-16.04042476,-10.41204483,-15.25530652,-13.10246589,-14.27813309,-12.80740692,1.355629125,9.648208131,1724.948052,0.013927503,-0.219415816,NA,BURDENSOA_monthly_6,2,2,1,2,2
-0.144501716,31807,10.91756465,-2.302585093,11.36740763,5.413794958,5.743695462,5.560827107,5.691764698,5.642437741,3.040502179,0,10.36744167,2792.321429,0.02402242,-0.209061295,NA,TREFHTMX_daily_6,3,1,3,3,3
-0.082535978,3855,7.994892329,10.81775624,-14.46383949,-2.302585093,-18.62857995,-2.302585093,-2.302585093,-2.302585093,-21.52103618,1.9041478,8.257126286,1782.842105,0.000329619,-0.21941582,NA,PRECSC_monthly_7,1,1,1,2,1
-0.14264813,27799,277.0472774,-2.302585093,7.882408196,0,3.017304812,0,1.130829174,0,1.702633915,-2.943244148,10.23275533,4159.535519,0.01032459,-0.214227609,NA,V850_daily_5,1,1,1,2,1
-0.144634321,25764,10.54483322,8.881836305,11.31834723,-2.302585093,5.950005057,3.556928494,5.416132394,4.815439347,4.686737142,-1.184668383,10.15673345,4010.243363,0.010126165,-0.174124428,NA,FSNS_daily_3,2,1,1,2,1
-0.143768816,24300,10.34911109,-2.302585093,-4.077988006,0,-8.845488263,-14.03308314,-9.994754564,-10.9577101,-10.53172186,-0.248853197,10.09823163,3527.615819,0.017131539,-0.219415802,NA,QFLX_monthly_1,1,1,1,2,1
-0.142376821,21989,10.42492293,-2.302585093,-4.485733329,-16.33524478,-9.336189699,-12.5951689,-10.49244513,-11.6150009,-10.97367551,0.202512282,9.998297607,7114.735772,0.023518915,-0.219415809,NA,BURDENSEASALT_monthly_2,2,2,1,2,2
-0.144676631,30668,10.85630597,-2.302585093,11.70261304,4.479744715,6.171067109,5.328212676,5.958874982,5.734266105,4.617250444,0,10.33097504,6362.496575,0.02093004,-0.173330234,NA,FLDS_sixhourly_1,2,2,3,2,2
-0.144552272,21763,10.4855775,-2.302585093,1.516509239,-11.15723596,-3.830141675,-6.897293133,-4.439077451,-5.419994061,-5.142001127,-0.502426564,9.987966559,4774.116379,0.013992171,-0.21941326,NA,QBOT_daily_10,2,2,1,2,2
-0.139271298,24549,12.80494794,-2.302585093,9.388266308,0,5.184447886,-2.15605947,2.964153893,2.400208766,3.159946902,0.286002462,10.1084264,3717.719388,0.007243713,-0.193875021,NA,SHFLX_monthly_3,1,1,1,2,1
-0.127248968,25025,34.57744861,-2.302585093,3.500399052,0,0.511772579,0,-3.346592952,-5.772548984,-2.367865601,-0.45827106,10.1276306,727.3947368,0.001420631,-0.219135016,NA,TAUY_daily_5,1,1,1,2,1
-0.079206711,3800,7.866635872,10.8077057,-14.18372245,-2.302585093,-18.2153015,-2.302585093,-2.302585093,-2.302585093,-21.08838312,1.982088568,8.242756346,1323.410714,0.000955069,-0.21941582,NA,PRECSC_monthly_8,1,1,1,2,1
-0.143058959,29795,10.87962425,-2.302585093,10.24832295,2.650762416,5.267485744,4.120298548,4.509255167,4.383974333,3.086366206,-1.635250352,10.30209587,4050.811224,0.009106972,-0.198199921,NA,FLNSC_daily_10,2,2,3,2,2
-0.144731793,30931,10.85358904,-2.302585093,11.69998135,4.511386718,6.177067141,5.288864296,5.954154443,5.739871067,4.632304886,0,10.3395142,6235.686469,0.021571917,-0.173324925,NA,FLDS_sixhourly_5,2,2,3,2,2
-0.134945861,25384,38.97867434,-2.302585093,3.718312293,0,-0.515665851,0,-3.338198204,-5.935113175,-2.458832616,0,10.14187433,1491.322034,0.003023516,-0.219258787,NA,TAUY_daily_9,1,1,1,2,1
-0.142513302,32069,10.91807949,-2.302585093,11.37737656,5.412007021,5.75730791,5.611870666,5.699783094,5.664804139,2.959676626,0,10.37564511,2994.704918,0.008862888,-0.208508944,NA,TREFHTMX_monthly_10,3,1,3,3,3
-0.015682931,4001,7.750623238,10.76096203,-15.35110698,-2.302585093,-17.69867348,-2.302585093,-2.302585093,-2.302585093,-21.02041899,2.270693054,8.294299609,948.5625,0.002360307,-0.21941582,NA,PRECSC_monthly_2,1,1,1,2,1
-0.144592151,30876,10.78368834,-2.302585093,11.72344406,2.078573142,6.063413464,5.10905304,5.980878642,5.713003945,4.865559954,0,10.33773446,1079,0.02454403,-0.16962877,NA,SOLIN_monthly_9,2,2,3,2,2
